ac_code	item_group	sales_uom	base_uom
2376-1A(LHF)	OTHER	UNIT	UNIT
2376-1A(RHF)	OTHER	UNIT	UNIT
5530-1A(LHF)	OTHER	UNIT	UNIT
5530-1A(RHF)	OTHER	UNIT	UNIT
5530-1NA	OTHER	UNIT	UNIT
5530-2A(LHF)	OTHER	UNIT	UNIT
5530-2A(RHF)	OTHER	UNIT	UNIT
5530-L(LHF)	OTHER	UNIT	UNIT
5530-L(RHF)	OTHER	UNIT	UNIT
5535-1A(RHF)	OTHER	UNIT	UNIT
5535-1NA	OTHER	UNIT	UNIT
5535-L(LHF)	OTHER	UNIT	UNIT
5536-1A(LHF)	OTHER	UNIT	UNIT
5536-1A(RHF)	OTHER	UNIT	UNIT
5536-1NA	OTHER	UNIT	UNIT
5536-2A(LHF)	OTHER	UNIT	UNIT
5536-2A(RHF)	OTHER	UNIT	UNIT
5536-CNR	OTHER	UNIT	UNIT
5536-L(LHF)	OTHER	UNIT	UNIT
5540-1A(LHF)	OTHER	UNIT	UNIT
5540-1A(RHF)	OTHER	UNIT	UNIT
5540-1NA	OTHER	UNIT	UNIT
5540-2S	OTHER	UNIT	UNIT
5540-L(LHF)	OTHER	UNIT	UNIT
5540-L(RHF)	OTHER	UNIT	UNIT
8211-4FT	OTHER	UNIT	UNIT
8211-6FT	OTHER	UNIT	UNIT
8211-7FT	OTHER	UNIT	UNIT
9028-1A(LHF)	OTHER	UNIT	UNIT
9028-1A(RHF)	OTHER	UNIT	UNIT
9028-1NA	OTHER	UNIT	UNIT
9028-1S	OTHER	UNIT	UNIT
9028-2A(RHF)	OTHER	UNIT	UNIT
9030-2S	OTHER	UNIT	UNIT
9058-1S	OTHER	UNIT	UNIT
A01	OTHER	UNIT	UNIT
AERO-DIVAN ONLY	BEDFRAME	SET	SET
AERO-DIVAN ONLY (K)	BEDFRAME	SET	SET
AERO-DIVAN ONLY (Q)	BEDFRAME	SET	SET
AERO-DIVAN ONLY (S)	BEDFRAME	SET	SET
AERO-DIVAN ONLY (SS)	BEDFRAME	SET	SET
AERO-MP (K)	ACC	UNIT	UNIT
AERO-MP (Q)	ACC	UNIT	UNIT
AERO-MP (S)	ACC	UNIT	UNIT
AERO-MP (SS)	ACC	UNIT	UNIT
AERO-Y04 (K)	BEDFRAME	SET	SET
AERO-Y04 (Q)	BEDFRAME	SET	SET
AERO-Y04 (S)	BEDFRAME	SET	SET
AERO-Y04 (SS)	BEDFRAME	SET	SET
AERO-Y09 (K)	BEDFRAME	SET	SET
AERO-Y09 (Q)	BEDFRAME	SET	SET
AERO-Y09 (S)	BEDFRAME	SET	SET
AERO-Y09 (SS)	BEDFRAME	SET	SET
AERO-Y103 (K)	BEDFRAME	SET	SET
AERO-Y103 (Q)	BEDFRAME	SET	SET
AERO-Y103 (S)	BEDFRAME	SET	SET
AERO-Y103 (SS)	BEDFRAME	SET	SET
AERO-Y31 (K)	BEDFRAME	SET	SET
AERO-Y31 (Q)	BEDFRAME	SET	SET
AERO-Y31 (S)	BEDFRAME	SET	SET
AERO-Y31 (SS)	BEDFRAME	SET	SET
AERO-Y41 (K)	BEDFRAME	SET	SET
AERO-Y41 (Q)	BEDFRAME	SET	SET
AERO-Y41 (S)	BEDFRAME	SET	SET
AERO-Y41 (SS)	BEDFRAME	SET	SET
AERO-Y44 (K)	BEDFRAME	SET	SET
AERO-Y44 (Q)	BEDFRAME	SET	SET
AERO-Y44 (S)	BEDFRAME	SET	SET
AERO-Y44 (SS)	BEDFRAME	SET	SET
AERO-Y45 (K)	BEDFRAME	SET	SET
AERO-Y45 (Q)	BEDFRAME	SET	SET
AERO-Y45 (S)	BEDFRAME	SET	SET
AERO-Y45 (SS)	BEDFRAME	SET	SET
AERO-Y78 (K)	BEDFRAME	SET	SET
AERO-Y78 (Q)	BEDFRAME	SET	SET
AERO-Y78 (S)	BEDFRAME	SET	SET
AERO-Y78 (SS)	BEDFRAME	SET	SET
AK  ARO - BE HP BD LT PSTV ENR	DIFFUSER	UNIT	UNIT
AK  ARO - BE HP BD WASH PSTV E	DIFFUSER	UNIT	UNIT
AK  ARO - BE HP CDL MD LIFT	DIFFUSER	UNIT	UNIT
AK  ARO - BE HP CDL PSTV ENRG	DIFFUSER	UNIT	UNIT
AK  ARO - BE HP CDL PURE JOY	DIFFUSER	UNIT	UNIT
AK  ARO - BE HP HD CRM MD LIFT	DIFFUSER	UNIT	UNIT
AK  ARO - BE HP HD CRM PSTV EN	DIFFUSER	UNIT	UNIT
AK  ARO - BE HP RD DFSR MD LIF	DIFFUSER	UNIT	UNIT
AK  ARO - BE HP RD DFSR PSTV E	DIFFUSER	UNIT	UNIT
AK  ARO - BE HP RD DFSR PURE J	DIFFUSER	UNIT	UNIT
AK  ARO - BE HP RM SPRY MD LIF	DIFFUSER	UNIT	UNIT
AK  ARO - BE HP RM SPRY PSTV E	DIFFUSER	UNIT	UNIT
AK  ARO - BE HP RM SPRY PURE J	DIFFUSER	UNIT	UNIT
AK  ARO - DE-STR BD LT RESTORE	DIFFUSER	UNIT	UNIT
AK  ARO - DE-STR BD WASH RESTO	DIFFUSER	UNIT	UNIT
AK  ARO - DE-STR CDL CALM	DIFFUSER	UNIT	UNIT
AK  ARO - DE-STR CDL MEDITATE	DIFFUSER	UNIT	UNIT
AK  ARO - DE-STR CDL RESTORE	DIFFUSER	UNIT	UNIT
AK  ARO - DE-STR HD CRM MEDITA	DIFFUSER	UNIT	UNIT
AK  ARO - DE-STR HD CRM RESTOR	DIFFUSER	UNIT	UNIT
AK  ARO - DE-STR RD DFSR CALM	DIFFUSER	UNIT	UNIT
AK  ARO - DE-STR RD DFSR MEDIT	DIFFUSER	UNIT	UNIT
AK  ARO - DE-STR RD DFSR RESTO	DIFFUSER	UNIT	UNIT
AK  ARO - DE-STR RM SPRY CALM	DIFFUSER	UNIT	UNIT
AK  ARO - DE-STR RM SPRY MEDIT	DIFFUSER	UNIT	UNIT
AK  ARO - DE-STR RM SPRY RESTO	DIFFUSER	UNIT	UNIT
AK  ARO - SLP BTT BD LT DEEP R	DIFFUSER	UNIT	UNIT
AK  ARO - SLP BTT BD WASH DEEP	DIFFUSER	UNIT	UNIT
AK  ARO - SLP BTT CDL DRM CCHR	DIFFUSER	UNIT	UNIT
AK  ARO - SLP BTT CDL WIND DOW	DIFFUSER	UNIT	UNIT
AK  ARO - SLP BTT HD CRM DEEP	DIFFUSER	UNIT	UNIT
AK  ARO - SLP BTT HD CRM DRM C	DIFFUSER	UNIT	UNIT
AK  ARO - SLP BTT RD DFSR DRM	DIFFUSER	UNIT	UNIT
AK  ARO - SLP BTT RD DFSR WIND	DIFFUSER	UNIT	UNIT
AK  ARO - SLP BTT RM SPRY DRM	DIFFUSER	UNIT	UNIT
AK  ARO - SLP BTT RM SPRY WIND	DIFFUSER	UNIT	UNIT
AK- ESSENTIAL BOLSTER	ACC	UNIT	UNIT
AK- LTX CLS PIL	ACC	UNIT	UNIT
AK- SL ES WP QLT FIT MP (K)	ACC	UNIT	UNIT
AK- SL ES WP QLT FIT MP (Q)	ACC	UNIT	UNIT
AK- SL ES WP QLT FIT MP (SS)	ACC	UNIT	UNIT
AK-AF AM CL GRY 4KFIT	BEDLINES	SET	SET
AK-AF AM CL GRY 4QFIT	BEDLINES	SET	SET
AK-AF LE CK BLU 4KFIT	BEDLINES	SET	SET
AK-AF LE CK BLU 4QFIT	BEDLINES	SET	SET
AK-AF LE CR MINI 4KFIT	BEDLINES	SET	SET
AK-AF LE CR MINI 4QFIT	BEDLINES	SET	SET
AK-AF RM CBS BRW 4KFIT	BEDLINES	UNIT	UNIT
AK-AF RM CBS BRW 4QFIT	BEDLINES	UNIT	UNIT
AK-AF RM LQ KHK 3SSFIT	BEDLINES	UNIT	UNIT
AK-AF RM LQ KHK 4KFIT	BEDLINES	SET	SET
AK-AF RM LQ KHK 4QFIT	BEDLINES	SET	SET
AK-AF RM LQ KHK 5KQLT	BEDLINES	UNIT	UNIT
AK-AF RM LQ KHK 5QQLT	BEDLINES	UNIT	UNIT
AK-AF RM MIL BLU 4KFIT	BEDLINES	UNIT	UNIT
AK-AF RM MIL BLU 4QFIT	BEDLINES	UNIT	UNIT
AK-AF RM PE PNK 3SSFIT	BEDLINES	UNIT	UNIT
AK-AF RM PE PNK 4KFIT	BEDLINES	SET	SET
AK-AF RM PE PNK 4QFIT	BEDLINES	SET	SET
AK-AF RM PL CRM 3SSFIT	BEDLINES	UNIT	UNIT
AK-AF RM PL CRM 4KFIT	BEDLINES	UNIT	UNIT
AK-AF RM PL CRM 4QFIT	BEDLINES	UNIT	UNIT
AK-AF RM PL CRM 5KQLT	BEDLINES	UNIT	UNIT
AK-AF RM PL CRM 5QQLT	BEDLINES	UNIT	UNIT
AK-AF RM RN BLU 3SSFIT	BEDLINES	UNIT	UNIT
AK-AF RM RN BLU 4KFIT	BEDLINES	UNIT	UNIT
AK-AF RM RN BLU 4QFIT	BEDLINES	UNIT	UNIT
AK-AF RM RN BLU 5KQLT	BEDLINES	UNIT	UNIT
AK-AF RM RN BLU 5QQLT	BEDLINES	UNIT	UNIT
AK-AF RM VI PUP 4KFIT	BEDLINES	SET	SET
AK-AF RM VI PUP 4QFIT	BEDLINES	SET	SET
AK-APEX MATT (K)	MATTRESS	UNIT	UNIT
AK-APEX MATT (Q)	MATTRESS	UNIT	UNIT
AK-APEX MATT (S)	MATTRESS	UNIT	UNIT
AK-APEX MATT (SK)	MATTRESS	UNIT	UNIT
AK-APEX MATT (SP)	MATTRESS	UNIT	UNIT
AK-APEX MATT (SS)	MATTRESS	UNIT	UNIT
AK-ARISTOI MATT (K)	MATTRESS	UNIT	UNIT
AK-ARISTOI MATT (Q)	MATTRESS	UNIT	UNIT
AK-ARISTOI MATT (S)	MATTRESS	UNIT	UNIT
AK-ARISTOI MATT (SK)	MATTRESS	UNIT	UNIT
AK-ARISTOI MATT (SP)	MATTRESS	UNIT	UNIT
AK-ARISTOI MATT (SS)	MATTRESS	UNIT	UNIT
AK-ARMOUR MATT (K)	MATTRESS	UNIT	UNIT
AK-ARMOUR MATT (Q)	MATTRESS	UNIT	UNIT
AK-ARMOUR MATT (S)	MATTRESS	UNIT	UNIT
AK-ARMOUR MATT (SK)	MATTRESS	UNIT	UNIT
AK-ARMOUR MATT (SP)	MATTRESS	UNIT	UNIT
AK-ARMOUR MATT (SS)	MATTRESS	UNIT	UNIT
AK-AV DR ROL PACK PIL	ACC	UNIT	UNIT
AK-BASTION MATT (K)	MATTRESS	UNIT	UNIT
AK-BASTION MATT (Q)	MATTRESS	UNIT	UNIT
AK-BASTION MATT (S)	MATTRESS	UNIT	UNIT
AK-BASTION MATT (SK)	MATTRESS	UNIT	UNIT
AK-BASTION MATT (SP)	MATTRESS	UNIT	UNIT
AK-BASTION MATT (SS)	MATTRESS	UNIT	UNIT
AKBF-PEBBLE GREY (K)	BEDFRAME	SET	SET
AKBF-PEBBLE GREY (Q)	BEDFRAME	SET	SET
AKBF-PEBBLE GREY (S)	BEDFRAME	SET	SET
AKBF-PEBBLE GREY (SK)	BEDFRAME	SET	SET
AKBF-PEBBLE GREY (SS)	BEDFRAME	SET	SET
AKBF-SANDY BEACH (K)	BEDFRAME	SET	SET
AKBF-SANDY BEACH (Q)	BEDFRAME	SET	SET
AKBF-SANDY BEACH (S)	BEDFRAME	SET	SET
AKBF-SANDY BEACH (SK)	BEDFRAME	SET	SET
AKBF-SANDY BEACH (SS)	BEDFRAME	SET	SET
AK-BULWARK MATT (K)	MATTRESS	UNIT	UNIT
AK-BULWARK MATT (Q)	MATTRESS	UNIT	UNIT
AK-BULWARK MATT (S)	MATTRESS	UNIT	UNIT
AK-BULWARK MATT (SK)	MATTRESS	UNIT	UNIT
AK-BULWARK MATT (SP)	MATTRESS	UNIT	UNIT
AK-BULWARK MATT (SS)	MATTRESS	UNIT	UNIT
AK-COCOON MATT (K)	MATTRESS	UNIT	UNIT
AK-COCOON MATT (Q)	MATTRESS	UNIT	UNIT
AK-COCOON MATT (S)	MATTRESS	UNIT	UNIT
AK-COCOON MATT (SK)	MATTRESS	UNIT	UNIT
AK-COCOON MATT (SP)	MATTRESS	UNIT	UNIT
AK-COCOON MATT (SS)	MATTRESS	UNIT	UNIT
AK-COMFORT H+C MATT (S)	MATTRESS	UNIT	UNIT
AK-COMFORT HB MATT (K)	MATTRESS	UNIT	UNIT
AK-COMFORT HB MATT (Q)	MATTRESS	UNIT	UNIT
AK-COMFORT HB MATT (S)	MATTRESS	UNIT	UNIT
AK-COMFORT HB MATT (SS)	MATTRESS	UNIT	UNIT
AK-COOL HUGGY BLANKET	ACC	UNIT	UNIT
AK-COOL HUGGY BLANKET (SK)	ACC	UNIT	UNIT
AK-CS AIRLOFT COMFY PIL	ACC	UNIT	UNIT
AK-CT HYD.G BB CHC MEM PIL	ACC	UNIT	UNIT
AK-ELEVATION MATT (K)	MATTRESS	UNIT	UNIT
AK-ELEVATION MATT (Q)	MATTRESS	UNIT	UNIT
AK-ELEVATION MATT (S)	MATTRESS	UNIT	UNIT
AK-ELEVATION MATT (SK)	MATTRESS	UNIT	UNIT
AK-ELEVATION MATT (SS)	MATTRESS	UNIT	UNIT
AK-EMINENT MATT (K)	MATTRESS	UNIT	UNIT
AK-EMINENT MATT (Q)	MATTRESS	UNIT	UNIT
AK-EMINENT MATT (S)	MATTRESS	UNIT	UNIT
AK-EMINENT MATT (SK)	MATTRESS	UNIT	UNIT
AK-EMINENT MATT (SP)	MATTRESS	UNIT	UNIT
AK-EMINENT MATT (SS)	MATTRESS	UNIT	UNIT
AK-EQUINOX MATT (K)	MATTRESS	UNIT	UNIT
AK-EQUINOX MATT (Q)	MATTRESS	UNIT	UNIT
AK-EQUINOX MATT (S)	MATTRESS	UNIT	UNIT
AK-EQUINOX MATT (SK)	MATTRESS	UNIT	UNIT
AK-EQUINOX MATT (SP)	MATTRESS	UNIT	UNIT
AK-EQUINOX MATT (SS)	MATTRESS	UNIT	UNIT
AK-EXALTED MATT (K)	MATTRESS	UNIT	UNIT
AK-EXALTED MATT (Q)	MATTRESS	UNIT	UNIT
AK-EXALTED MATT (S)	MATTRESS	UNIT	UNIT
AK-EXALTED MATT (SK)	MATTRESS	UNIT	UNIT
AK-EXALTED MATT (SP)	MATTRESS	UNIT	UNIT
AK-EXALTED MATT (SS)	MATTRESS	UNIT	UNIT
AK-FORTRESS MATT (K)	MATTRESS	UNIT	UNIT
AK-FORTRESS MATT (Q)	MATTRESS	UNIT	UNIT
AK-FORTRESS MATT (S)	MATTRESS	UNIT	UNIT
AK-FORTRESS MATT (SK)	MATTRESS	UNIT	UNIT
AK-FORTRESS MATT (SS)	MATTRESS	UNIT	UNIT
AK-GUARDIAN MATT (K)	MATTRESS	UNIT	UNIT
AK-GUARDIAN MATT (Q)	MATTRESS	UNIT	UNIT
AK-GUARDIAN MATT (S)	MATTRESS	UNIT	UNIT
AK-GUARDIAN MATT (SK)	MATTRESS	UNIT	UNIT
AK-GUARDIAN MATT (SP)	MATTRESS	UNIT	UNIT
AK-GUARDIAN MATT (SS)	MATTRESS	UNIT	UNIT
AK-HAPPY SLEEP EASY	ACC	UNIT	UNIT
AK-HM CL BRW 4SSQLT	BEDLINES	SET	SET
AK-HM CL BRW 5KQLT	BEDLINES	SET	SET
AK-HM CL BRW 5QQLT	BEDLINES	SET	SET
AK-HM FR APC 5KQLT	BEDLINES	SET	SET
AK-HM FR APC 5QQLT	BEDLINES	SET	SET
AK-HM HD GRN 4SSQLT	BEDLINES	SET	SET
AK-HM HD GRN 5KQLT	BEDLINES	SET	SET
AK-HM HD GRN 5QQLT	BEDLINES	SET	SET
AK-HM IN GRY 4SSQLT	BEDLINES	SET	SET
AK-HM IN GRY 5KQLT	BEDLINES	SET	SET
AK-HM IN GRY 5QQLT	BEDLINES	SET	SET
AK-HM RY YLW 4SSQLT	BEDLINES	SET	SET
AK-HM RY YLW 5KQLT	BEDLINES	SET	SET
AK-HM RY YLW 5QQLT	BEDLINES	SET	SET
AK-HM TF BGE 5KQLT	BEDLINES	SET	SET
AK-HM TF BGE 5QQLT	BEDLINES	SET	SET
AK-HP CM MATT CVR S+AD	ACC	UNIT	UNIT
AK-HP LL AQU 4KFIT	BEDLINES	SET	SET
AK-HP LL AQU 4QFIT	BEDLINES	SET	SET
AK-HP LL AQU AD BL CS	ACC	UNIT	UNIT
AK-HP LL AQU AD PIL CS	ACC	UNIT	UNIT
AK-HP LL AQU CFT (K)	BEDLINES	SET	SET
AK-HP LL AQU CFT (SS)	BEDLINES	SET	SET
AK-HP LL BRR 3SSFIT	BEDLINES	UNIT	UNIT
AK-HP LL BRR 4KFIT	BEDLINES	UNIT	UNIT
AK-HP LL BRR 4QFIT	BEDLINES	UNIT	UNIT
AK-HP LL BRR AD BL CS	ACC	UNIT	UNIT
AK-HP LL BRR AD PIL CS	ACC	SET	SET
AK-HP LL BRR CFT (K)	BEDLINES	UNIT	UNIT
AK-HP LL BRR CFT (Q)	BEDLINES	UNIT	UNIT
AK-HP LL BRR CFT (SS)	BEDLINES	UNIT	UNIT
AK-HP LL GRY AD PIL CS	ACC	UNIT	UNIT
AK-HP LL WIN 3SSFIT	BEDLINES	UNIT	UNIT
AK-HP LL WIN 4KFIT	BEDLINES	UNIT	UNIT
AK-HP LL WIN 4QFIT	BEDLINES	UNIT	UNIT
AK-HP LL WIN AD BL CS	ACC	UNIT	UNIT
AK-HP LL WIN AD PIL CS	ACC	SET	SET
AK-HP LL WIN CFT (K)	BEDLINES	UNIT	UNIT
AK-HP LL WIN CFT (Q)	BEDLINES	UNIT	UNIT
AK-HP LL WIN CFT (SS)	BEDLINES	UNIT	UNIT
AK-HP LL WOD AD PIL CS	ACC	UNIT	UNIT
AK-HP MM VR EM GRN 3SSFIT	BEDLINES	UNIT	UNIT
AK-HP MM VR EM GRN 4KFIT	BEDLINES	UNIT	UNIT
AK-HP MM VR EM GRN 4QFIT	BEDLINES	UNIT	UNIT
AK-HP MM VR EM GRN CFT (K)	BEDLINES	UNIT	UNIT
AK-HP MM VR EM GRN CFT (Q)	BEDLINES	UNIT	UNIT
AK-HP MM VR EM GRN CFT (SS)	BEDLINES	UNIT	UNIT
AK-HP MM VR TR NAV 3SSFIT	BEDLINES	UNIT	UNIT
AK-HP MM VR TR NAV 4KFIT	BEDLINES	UNIT	UNIT
AK-HP MM VR TR NAV 4QFIT	BEDLINES	UNIT	UNIT
AK-HP MM VR TR NAV CFT (K)	BEDLINES	UNIT	UNIT
AK-HP MM VR TR NAV CFT (Q)	BEDLINES	UNIT	UNIT
AK-HP MM VR TR NAV CFT (SS)	BEDLINES	UNIT	UNIT
AK-HP SL ERGO PIL	ACC	UNIT	UNIT
AK-HP SL MOB MATT (Q) -2F	MATTRESS	UNIT	UNIT
AK-HP SL MOB MATT (S) -2F	MATTRESS	UNIT	UNIT
AK-HP SL MOB MATT (S) -3F	MATTRESS	UNIT	UNIT
AK-HP SL MOB MATT (S) -5F	MATTRESS	UNIT	UNIT
AK-HP SL MP (K)	ACC	UNIT	UNIT
AK-HP SL MP (Q)	ACC	UNIT	UNIT
AK-HP SL MP (SS)	ACC	UNIT	UNIT
AK-HS SOLACE (K)	MATTRESS	UNIT	UNIT
AK-HS SOLACE (Q)	MATTRESS	UNIT	UNIT
AK-HS SOLACE (S)	MATTRESS	UNIT	UNIT
AK-HS SOLACE (SK)	MATTRESS	UNIT	UNIT
AK-HS SOLACE (SP)	MATTRESS	UNIT	UNIT
AK-HS SOLACE (SS)	MATTRESS	UNIT	UNIT
AK-IMMORTAL MATT (K)	MATTRESS	UNIT	UNIT
AK-IMMORTAL MATT (Q)	MATTRESS	UNIT	UNIT
AK-IMMORTAL MATT (S)	MATTRESS	UNIT	UNIT
AK-IMMORTAL MATT (SK)	MATTRESS	UNIT	UNIT
AK-IMMORTAL MATT (SP)	MATTRESS	UNIT	UNIT
AK-IMMORTAL MATT (SS)	MATTRESS	UNIT	UNIT
AK-LAVISH MATT (K)	MATTRESS	UNIT	UNIT
AK-LAVISH MATT (Q)	MATTRESS	UNIT	UNIT
AK-LAVISH MATT (S)	MATTRESS	UNIT	UNIT
AK-LAVISH MATT (SK)	MATTRESS	UNIT	UNIT
AK-LAVISH MATT (SP)	MATTRESS	UNIT	UNIT
AK-LAVISH MATT (SS)	MATTRESS	UNIT	UNIT
AK-M+H AV SOFT TC MEM PIL (IM)	ACC	UNIT	UNIT
AK-MONARCH MATT (K)	MATTRESS	UNIT	UNIT
AK-MONARCH MATT (Q)	MATTRESS	UNIT	UNIT
AK-MONARCH MATT (S)	MATTRESS	UNIT	UNIT
AK-MONARCH MATT (SK)	MATTRESS	UNIT	UNIT
AK-MONARCH MATT (SP)	MATTRESS	UNIT	UNIT
AK-MONARCH MATT (SS)	MATTRESS	UNIT	UNIT
AK-NA DUAL DS LTX PIL	ACC	UNIT	UNIT
AK-NOBILITY MATT (K)	MATTRESS	UNIT	UNIT
AK-NOBILITY MATT (Q)	MATTRESS	UNIT	UNIT
AK-NOBILITY MATT (S)	MATTRESS	UNIT	UNIT
AK-NOBILITY MATT (SK)	MATTRESS	UNIT	UNIT
AK-NOBILITY MATT (SP)	MATTRESS	UNIT	UNIT
AK-NOBILITY MATT (SS)	MATTRESS	UNIT	UNIT
AK-NT VTL LTX PIL	ACC	UNIT	UNIT
AK-OASIS MATT (K)	MATTRESS	UNIT	UNIT
AK-OASIS MATT (Q)	MATTRESS	UNIT	UNIT
AK-OASIS MATT (S)	MATTRESS	UNIT	UNIT
AK-OASIS MATT (SK)	MATTRESS	UNIT	UNIT
AK-OASIS MATT (SP)	MATTRESS	UNIT	UNIT
AK-OASIS MATT (SS)	MATTRESS	UNIT	UNIT
AK-OL AC HILOFT PIL	ACC	UNIT	UNIT
AK-OL AC MEM PIL	ACC	UNIT	UNIT
AK-OMNIA MATT (K)	MATTRESS	UNIT	UNIT
AK-OMNIA MATT (Q)	MATTRESS	UNIT	UNIT
AK-OMNIA MATT (S)	MATTRESS	UNIT	UNIT
AK-OMNIA MATT (SK)	MATTRESS	UNIT	UNIT
AK-OMNIA MATT (SP)	MATTRESS	UNIT	UNIT
AK-OMNIA MATT (SS)	MATTRESS	UNIT	UNIT
AK-PANTHEON MATT (K)	MATTRESS	UNIT	UNIT
AK-PANTHEON MATT (Q)	MATTRESS	UNIT	UNIT
AK-PANTHEON MATT (S)	MATTRESS	UNIT	UNIT
AK-PANTHEON MATT (SK)	MATTRESS	UNIT	UNIT
AK-PANTHEON MATT (SS)	MATTRESS	UNIT	UNIT
AK-PINNACLE MATT (K)	MATTRESS	UNIT	UNIT
AK-PINNACLE MATT (Q)	MATTRESS	UNIT	UNIT
AK-PINNACLE MATT (S)	MATTRESS	UNIT	UNIT
AK-PINNACLE MATT (SK)	MATTRESS	UNIT	UNIT
AK-PINNACLE MATT (SP)	MATTRESS	UNIT	UNIT
AK-PINNACLE MATT (SS)	MATTRESS	UNIT	UNIT
AK-PRIME COOL MATT (K)	MATTRESS	UNIT	UNIT
AK-PRIME COOL MATT (Q)	MATTRESS	UNIT	UNIT
AK-PRIME COOL MATT (S)	MATTRESS	UNIT	UNIT
AK-PRIME COOL MATT (SS)	MATTRESS	UNIT	UNIT
AK-RD DIF EV lll LIN 24	DIFFUSER	UNIT	UNIT
AK-RD DIF EV lll LLV 24	DIFFUSER	UNIT	UNIT
AK-RD DIF EV lll WHT 24	DIFFUSER	UNIT	UNIT
AK-SANCTUM MATT (K)	MATTRESS	UNIT	UNIT
AK-SANCTUM MATT (Q)	MATTRESS	UNIT	UNIT
AK-SANCTUM MATT (S)	MATTRESS	UNIT	UNIT
AK-SANCTUM MATT (SK)	MATTRESS	UNIT	UNIT
AK-SANCTUM MATT (SP)	MATTRESS	UNIT	UNIT
AK-SANCTUM MATT (SS)	MATTRESS	UNIT	UNIT
AK-SK + MICROFIL PIL	ACC	UNIT	UNIT
AK-SK CT MEM FOAM PIL	ACC	UNIT	UNIT
AK-SK FX AIRLOFT PIL	ACC	UNIT	UNIT
AK-SL ES FIT MP+PIL PRO	ACC	UNIT	UNIT
AK-SL ES LF MIC WHT QLT (K)	BEDLINES	UNIT	UNIT
AK-SL ES LF MIC WHT QLT (Q)	BEDLINES	UNIT	UNIT
AK-SL ES LF MIC WHT QLT (SS)	BEDLINES	UNIT	UNIT
AK-SLEEP ES DENSEFIL PILLOW	ACC	UNIT	UNIT
AK-SLEEP ESS LUX MICD. PLUS PI	ACC	UNIT	UNIT
AK-SLEEP ESSENTIAL 7 HOLES	ACC	UNIT	UNIT
AK-SOLITUDE MATT (K)	MATTRESS	UNIT	UNIT
AK-SOLITUDE MATT (Q)	MATTRESS	UNIT	UNIT
AK-SOLITUDE MATT (S)	MATTRESS	UNIT	UNIT
AK-SOLITUDE MATT (SK)	MATTRESS	UNIT	UNIT
AK-SOLITUDE MATT (SP)	MATTRESS	UNIT	UNIT
AK-SOLITUDE MATT (SS)	MATTRESS	UNIT	UNIT
AK-TRANQUIL MATT (K)	MATTRESS	UNIT	UNIT
AK-TRANQUIL MATT (Q)	MATTRESS	UNIT	UNIT
AK-TRANQUIL MATT (S)	MATTRESS	UNIT	UNIT
AK-TRANQUIL MATT (SK)	MATTRESS	UNIT	UNIT
AK-TRANQUIL MATT (SP)	MATTRESS	UNIT	UNIT
AK-TRANQUIL MATT (SS)	MATTRESS	UNIT	UNIT
AK-ULTIMATE MATT (K)	MATTRESS	UNIT	UNIT
AK-ULTIMATE MATT (Q)	MATTRESS	UNIT	UNIT
AK-ULTIMATE MATT (S)	MATTRESS	UNIT	UNIT
AK-ULTIMATE MATT (SK)	MATTRESS	UNIT	UNIT
AK-ULTIMATE MATT (SP)	MATTRESS	UNIT	UNIT
AK-ULTIMATE MATT (SS)	MATTRESS	UNIT	UNIT
AK-VI OD 4KFIT	BEDLINES	unit	unit
AK-VI OD 4QFIT	BEDLINES	UNIT	UNIT
AK-VI OD 5KQLT	BEDLINES	UNIT	UNIT
AK-VI OD 5QQLT	BEDLINES	UNIT	UNIT
AK-VI RT 4KFIT	BEDLINES	UNIT	UNIT
AK-VI RT 4QFIT	BEDLINES	UNIT	UNIT
AK-VI RT 5KQLT	BEDLINES	UNIT	UNIT
AK-VI RT 5QQLT	BEDLINES	UNIT	UNIT
AK-ZEN COOL MATT (K)	MATTRESS	UNIT	UNIT
AK-ZEN COOL MATT (Q)	MATTRESS	UNIT	UNIT
AK-ZEN COOL MATT (S)	MATTRESS	UNIT	UNIT
AK-ZEN COOL MATT (SS)	MATTRESS	UNIT	UNIT
AK-ZENITHAL MATT (K)	MATTRESS	UNIT	UNIT
AK-ZENITHAL MATT (Q)	MATTRESS	UNIT	UNIT
AK-ZENITHAL MATT (S)	MATTRESS	UNIT	UNIT
AK-ZENITHAL MATT (SK)	MATTRESS	UNIT	UNIT
AK-ZENITHAL MATT (SS)	MATTRESS	UNIT	UNIT
AMN-LONG PILLOW	SOFA	UNIT	UNIT
AMN-SF9015 SOFA	SOFA	SET	SET
AMN-SF9021 SOFA	SOFA	SET	SET
AMN-SF9025 SOFA	SOFA	SET	SET
AMN-SF9027 SOFA	SOFA	SET	SET
AMN-SF9028 SOFA	SOFA	SET	SET
AMN-SF9028 SOFA 1A(RHF)	OTHER	UNIT	UNIT
AMN-SF9028 SOFA 2A(LHF)	OTHER	UNIT	UNIT
AMN-SF9028 SOFA CNR	OTHER	UNIT	UNIT
AMN-SF9030 SOFA	SOFA	SET	SET
AMN-SF9033 SOFA	SOFA	SET	SET
AMN-SF9036 SOFA	SOFA	SET	SET
AMN-SF9050 SOFA	SOFA	UNIT	UNIT
AMN-SF9050 SOFA 1A(LHF)	OTHER	UNIT	UNIT
AMN-SF9050 SOFA 1A(RHF)	OTHER	UNIT	UNIT
AMN-SF9050 SOFA 1NA	OTHER	UNIT	UNIT
AMN-SF9058 SOFA	SOFA	SET	SET
AMN-SGABELLO	SOFA	UNIT	UNIT
AMN-SOFA PILLOW	ACC	UNIT	UNIT
AMN-SQUARE PILLOW	SOFA	SET	SET
AN-DINING CHAIR	DINING	UNIT	UNIT
AN-DINING LEG	DINING	UNIT	UNIT
AN-TABLE TOP	DINING	UNIT	UNIT
BC05-MF	OTHER	UNIT	UNIT
BC-BC021(K)	BEDFRAME	SET	SET
BC-BC021(Q)	BEDFRAME	SET	SET
BC-BC021(S)	BEDFRAME	SET	SET
BC-BC021(SS)	BEDFRAME	SET	SET
BC-BC028(K)	BEDFRAME	SET	SET
BC-BC028(Q)	BEDFRAME	SET	SET
BC-BC028(S)	BEDFRAME	SET	SET
BC-BC028(SS)	BEDFRAME	SET	SET
BC-BC16(K)	BEDFRAME	SET	SET
BC-BC16(Q)	BEDFRAME	SET	SET
BC-CB015(K)	BEDFRAME	SET	SET
BC-CB015(Q)	BEDFRAME	SET	SET
BC-CB015(S)	BEDFRAME	SET	SET
BC-CB015(SS)	BEDFRAME	SET	SET
BC-CB028(SS)	BEDFRAME	SET	SET
BC-CB052A(K)	BEDFRAME	SET	SET
BC-CB052A(Q)	BEDFRAME	SET	SET
BC-CB052A(S)	BEDFRAME	SET	SET
BC-CB052A(SS)	BEDFRAME	SET	SET
BC-CB49	BEDFRAME	SET	SET
BC-CBK815(K)	BEDFRAME	SET	SET
BC-CBK815(Q)	BEDFRAME	SET	SET
BC-CBK818(K)	BEDFRAME	SET	SET
BC-CBK818(SK)	BEDFRAME	SET	SET
BC-F01(K)	BEDFRAME	SET	SET
BC-F01(Q)	BEDFRAME	SET	SET
BC-F10(K)	BEDFRAME	SET	SET
BC-F10(Q)	BEDFRAME	SET	SET
BC-F10(S)	BEDFRAME	SET	SET
BC-F10(SS)	BEDFRAME	SET	SET
BC-G25(K)	BEDFRAME	SET	SET
BC-G25(Q)	BEDFRAME	SET	SET
BC-G25(S)	BEDFRAME	SET	SET
BC-G25(SS)	BEDFRAME	SET	SET
BC-G510	BEDFRAME	SET	SET
BC-K818(Q)	BEDFRAME	SET	SET
BC-K832 (K)	BEDFRAME	SET	SET
BEDFRAME	BEDFRAME	SET	SET
CH-DC	DINING	PCS	PCS
CH-DL ROD	DINING	PCS	PCS
CH-DL RTG	DINING	PCS	PCS
CH-DR BASIN	DINING	UNIT	UNIT
CH-DT ROD	DINING	PCS	PCS
CH-DT RTG	DINING	PCS	PCS
CH-ELEC ADJT BED (S)	MATTRESS	SET	SET
COFFEE TABLE	DINING	UNIT	UNIT
CP-ELEGANCERUG 300x400 8694	CARPET	UNIT	UNIT
CP-SILKTOUCHRUG 200x200 LT BG	CARPET	UNIT	UNIT
CR- MICROFIBER WP MP (K)	ACC	UNIT	UNIT
CR- MICROFIBER WP MP (Q)	ACC	UNIT	UNIT
CR-B1201F MATT (K)	MATTRESS	UNIT	UNIT
CR-B1201F MATT (Q)	MATTRESS	UNIT	UNIT
CR-B1201F MATT (S)	MATTRESS	UNIT	UNIT
CR-B1201F MATT (SK)	MATTRESS	UNIT	UNIT
CR-B1201F MATT (SP)	MATTRESS	UNIT	UNIT
CR-B1201F MATT (SS)	MATTRESS	UNIT	UNIT
CR-B1201S MATT (K)	MATTRESS	UNIT	UNIT
CR-B1201S MATT (Q)	MATTRESS	UNIT	UNIT
CR-B1201S MATT (S)	MATTRESS	UNIT	UNIT
CR-B1201S MATT (SK)	MATTRESS	UNIT	UNIT
CR-B1201S MATT (SS)	MATTRESS	UNIT	UNIT
CR-E1601 MATT (K)	MATTRESS	UNIT	UNIT
CR-E1601 MATT (Q)	MATTRESS	UNIT	UNIT
CR-H1401F MATT (K)	MATTRESS	UNIT	UNIT
CR-H1401F MATT (Q)	MATTRESS	UNIT	UNIT
CR-H1401F MATT (S)	MATTRESS	UNIT	UNIT
CR-H1401F MATT (SK)	MATTRESS	UNIT	UNIT
CR-H1401F MATT (SS)	MATTRESS	UNIT	UNIT
CR-H1401S MATT (K)	MATTRESS	UNIT	UNIT
CR-H1401S MATT (Q)	MATTRESS	UNIT	UNIT
CR-H1401S MATT (S)	MATTRESS	UNIT	UNIT
CR-H1401S MATT (SK)	MATTRESS	UNIT	UNIT
CR-H1401S MATT (SS)	MATTRESS	UNIT	UNIT
CR-L1201F MATT (K)	MATTRESS	UNIT	UNIT
CR-L1201F MATT (Q)	MATTRESS	UNIT	UNIT
CR-L1201F MATT (S)	MATTRESS	UNIT	UNIT
CR-L1201F MATT (SK)	MATTRESS	UNIT	UNIT
CR-L1201F MATT (SS)	MATTRESS	UNIT	UNIT
CR-L1201S MATT (K)	MATTRESS	UNIT	UNIT
CR-L1201S MATT (Q)	MATTRESS	UNIT	UNIT
CR-L1201S MATT (S)	MATTRESS	UNIT	UNIT
CR-L1201S MATT (SK)	MATTRESS	UNIT	UNIT
CR-L1201S MATT (SS)	MATTRESS	UNIT	UNIT
CR-LV626-MD/SC-1521-1 (K)	BEDFRAME	SET	SET
CR-LV626-MD/SC-1521-1 (Q)	BEDFRAME	SET	SET
CR-M1401F MATT (K)	MATTRESS	UNIT	UNIT
CR-M1401F MATT (Q)	MATTRESS	UNIT	UNIT
CR-M1401F MATT (S)	MATTRESS	UNIT	UNIT
CR-M1401F MATT (SK)	MATTRESS	UNIT	UNIT
CR-M1401F MATT (SS)	MATTRESS	UNIT	UNIT
CR-M1401S MATT (K)	MATTRESS	UNIT	UNIT
CR-M1401S MATT (Q)	MATTRESS	UNIT	UNIT
CR-M1401S MATT (S)	MATTRESS	UNIT	UNIT
CR-M1401S MATT (SK)	MATTRESS	UNIT	UNIT
CR-M1401S MATT (SS)	MATTRESS	UNIT	UNIT
CR-N1001F MATT (K)	MATTRESS	UNIT	UNIT
CR-N1001F MATT (Q)	MATTRESS	UNIT	UNIT
CR-N1001F MATT (S)	MATTRESS	UNIT	UNIT
CR-N1001S MATT (K)	MATTRESS	UNIT	UNIT
CR-N1001S MATT (Q)	MATTRESS	UNIT	UNIT
CR-N1001S MATT (S)	MATTRESS	UNIT	UNIT
CR-S1601F MATT (K)	MATTRESS	UNIT	UNIT
CR-S1601F MATT (Q)	MATTRESS	UNIT	UNIT
CR-S1601F MATT (S)	MATTRESS	UNIT	UNIT
CR-S1601F MATT (SK)	MATTRESS	UNIT	UNIT
CR-S1601F MATT (SS)	MATTRESS	UNIT	UNIT
CR-S1601S MATT (K)	MATTRESS	UNIT	UNIT
CR-S1601S MATT (Q)	MATTRESS	UNIT	UNIT
CR-S1601S MATT (S)	MATTRESS	UNIT	UNIT
CR-S1601S MATT (SK)	MATTRESS	UNIT	UNIT
CR-S1601S MATT (SP)	MATTRESS	UNIT	UNIT
CR-S1601S MATT (SS)	MATTRESS	UNIT	UNIT
DESIGN CHR	DINING	PCS	PCS
DISPOSE	OTHER	.	.
DISPOSE BEDDING SET	OTHER	UNIT	UNIT
DISPOSE BEDFRAME	OTHER	UNIT	UNIT
DISPOSE MATTRESS	OTHER	UNIT	UNIT
DL-5' WATERPROOF PROTECTOR	ACC	UNIT	UNIT
DL-6' WATERPROOF MP	ACC	UMIT	UMIT
DL-AMIRA DELUXE PLUS (K)	MATTRESS	UNIT	UNIT
DL-AMIRA DELUXE PLUS (Q)	MATTRESS	UNIT	UNIT
DL-AMIRA DELUXE PLUS (S)	MATTRESS	UNIT	UNIT
DL-AMIRA DELUXE PLUS (SS)	MATTRESS	UNIT	UNIT
DL-AMIRA PREMUIM (K)	MATTRESS	UNIT	UNIT
DL-AMIRA PREMUIM (Q)	MATTRESS	UNIT	UNIT
DL-AMIRA PREMUIM (S)	MATTRESS	UNIT	UNIT
DL-AMIRA PREMUIM (SS)	MATTRESS	UNIT	UNIT
DL-AQUA RELAXER 300 (SK)	MATTRESS	UNIT	UNIT
DL-AQUA RELAXER 300(K)	MATTRESS	UNIT	UNIT
DL-AQUA RELAXER 300(Q)	MATTRESS	UNIT	UNIT
DL-AQUA RELAXER 300(S)	MATTRESS	UNIT	UNIT
DL-AQUA RELAXER 300(SS)	MATTRESS	UNIT	UNIT
DL-AQUA SENSATION 2.0  (K)	MATTRESS	UNIT	UNIT
DL-AQUA SUPPORTER 1 (K)	MATTRESS	UNIT	UNIT
DL-AQUA SUPPORTER 1 (Q)	MATTRESS	UNIT	UNIT
DL-AQUA SUPPORTER 1 (S)	MATTRESS	UNIT	UNIT
DL-AQUA SUPPORTER 1 (SS)	MATTRESS	UNIT	UNIT
DL-BACK SUPPORTER 100 (K)	MATTRESS	UNIT	UNIT
DL-BACK SUPPORTER 100 (Q)	MATTRESS	UNIT	UNIT
DL-BACK SUPPORTER 100 (S)	MATTRESS	UNIT	UNIT
DL-BACK SUPPORTER 100 (SS)	MATTRESS	UNIT	UNIT
DL-BIOKINETIC SUPPORTER 100(K)	MATTRESS	UNIT	UNIT
DL-BIOKINETIC SUPPORTER 100(Q)	MATTRESS	UNIT	UNIT
DL-CLASSIC AURORA REST (K)	MATTRESS	UNIT	UNIT
DL-CLASSIC AURORA REST (Q)	MATTRESS	UNIT	UNIT
DL-CLASSIC AURORA REST (SS)	MATTRESS	UNIT	UNIT
DL-CLASSIC DREAM VALLEY (K)	MATTRESS	UNIT	UNIT
DL-CLASSIC DREAM VALLEY (Q)	MATTRESS	UNIT	UNIT
DL-CLASSIC DREAM VALLEY (SS)	MATTRESS	UNIT	UNIT
DL-CLASSIC PEARL (K)	MATTRESS	UNIT	UNIT
DL-CLASSIC PEARL (Q)	MATTRESS	UNIT	UNIT
DL-CLASSIC RUBY (K)	MATTRESS	UNIT	UNIT
DL-CLASSIC RUBY (Q)	MATTRESS	UNIT	UNIT
DL-CLASSIC RUBY (SS)	MATTRESS	UNIT	UNIT
DL-CS2 ARCTIC DREAM (K)	MATTRESS	UNIT	UNIT
DL-CS2 ARCTIC DREAM (Q)	MATTRESS	UNIT	UNIT
DL-CS2 ARCTIC DREAM (S)	MATTRESS	UNIT	UNIT
DL-CS2 ARCTIC DREAM (SS)	MATTRESS	UNIT	UNIT
DL-CS2 COOL EXTRA FIRM (K)	MATTRESS	UNIT	UNIT
DL-CS2 COOL EXTRA FIRM (Q)	MATTRESS	UNIT	UNIT
DL-CS2 COOL EXTRA FIRM (S)	MATTRESS	UNIT	UNIT
DL-CS2 COOL EXTRA FIRM (SS)	MATTRESS	UNIT	UNIT
DL-CS2 COOL FRESH (K)	MATTRESS	UNIT	UNIT
DL-CS2 COOL FRESH (Q)	MATTRESS	UNIT	UNIT
DL-CS2 COOL FRESH (S)	MATTRESS	UNIT	UNIT
DL-CS2 COOL FRESH (SS)	MATTRESS	UNIT	UNIT
DL-CS2 COOL LUXE (K)	MATTRESS	UNIT	UNIT
DL-CS2 COOL LUXE (Q)	MATTRESS	UNIT	UNIT
DL-CS2 COOL LUXE (S)	MATTRESS	UNIT	UNIT
DL-CS2 COOL LUXE (SS)	MATTRESS	UNIT	UNIT
DL-CS2 ELEGANCE SUITE (K)	MATTRESS	UNIT	UNIT
DL-CS2 ELEGANCE SUITE (Q)	MATTRESS	UNIT	UNIT
DL-CS2 ELEGANCE SUITE (S)	MATTRESS	UNIT	UNIT
DL-CS2 ELEGANCE SUITE (SK)	MATTRESS	UNIT	UNIT
DL-CS2 ELEGANCE SUITE (SP)	MATTRESS	UNIT	UNIT
DL-CS2 ELEGANCE SUITE (SS)	MATTRESS	UNIT	UNIT
DL-CS2 GLACIAL COMFORT (K)	MATTRESS	UNIT	UNIT
DL-CS2 GLACIAL COMFORT (Q)	MATTRESS	UNIT	UNIT
DL-CS2 GLACIAL COMFORT (S)	MATTRESS	UNIT	UNIT
DL-CS2 GLACIAL COMFORT (SS)	MATTRESS	UNIT	UNIT
DL-CS2 HEAVENLY SLEEP (K)	MATTRESS	UNIT	UNIT
DL-CS2 HEAVENLY SLEEP (Q)	MATTRESS	UNIT	UNIT
DL-CS2 HEAVENLY SLEEP (S)	MATTRESS	UNIT	UNIT
DL-CS2 HEAVENLY SLEEP (SS)	MATTRESS	UNIT	UNIT
DL-CS2 HOLIDAY CHILL (K)	MATTRESS	UNIT	UNIT
DL-CS2 HOLIDAY CHILL (Q)	MATTRESS	UNIT	UNIT
DL-CS2 HOLIDAY CHILL (S)	MATTRESS	UNIT	UNIT
DL-CS2 HOLIDAY CHILL (SS)	MATTRESS	UNIT	UNIT
DL-CS2 NANO BREEZE (K)	MATTRESS	UNIT	UNIT
DL-CS2 NANO BREEZE (Q)	MATTRESS	UNIT	UNIT
DL-CS2 NANO BREEZE (S)	MATTRESS	UNIT	UNIT
DL-CS2 NANO BREEZE (SS)	MATTRESS	UNIT	UNIT
DL-CS2 NN-G T.CTNT (K)	MATTRESS	UNIT	UNIT
DL-CS2 NN-G T.CTNT (SK)	MATTRESS	UNIT	UNIT
DL-CS2 NN-WINTER DREAM MATT (K	MATTRESS	UNIT	UNIT
DL-CS2 NN-WINTER DREAM MATT (Q	MATTRESS	UNIT	UNIT
DL-CS2 NN-WINTER FLOW MATT (K)	MATTRESS	UNIT	UNIT
DL-CS2 NN-WINTER FLOW MATT (Q)	MATTRESS	UNIT	UNIT
DL-CS2 NN-WINTER FLOW MATT(SK)	MATTRESS	UNIT	UNIT
DL-CS2 NN-WINTER FROST MATT (K	MATTRESS	UNIT	UNIT
DL-CS2 NN-WINTER FROST MATT (Q	MATTRESS	UNIT	UNIT
DL-CS2 NN-WINTER REST MATT (K)	MATTRESS	UNIT	UNIT
DL-CS2 NN-WINTER REST MATT (Q)	MATTRESS	UNIT	UNIT
DL-CS2 NN-WINTER SLEEP MATT (K	MATTRESS	UNIT	UNIT
DL-CS2 NN-WINTER SLEEP MATT (Q	MATTRESS	UNIT	UNIT
DL-CS2 PARADISE DREAMS (K)	MATTRESS	UNIT	UNIT
DL-CS2 PARADISE DREAMS (Q)	MATTRESS	UNIT	UNIT
DL-CS2 PARADISE DREAMS (S)	MATTRESS	UNIT	UNIT
DL-CS2 PARADISE DREAMS (SS)	MATTRESS	UNIT	UNIT
DL-CS2 PERFECT DREAMS (K)	MATTRESS	UNIT	UNIT
DL-CS2 PERFECT DREAMS (Q)	MATTRESS	UNIT	UNIT
DL-CS2 PERFECT DREAMS (S)	MATTRESS	UNIT	UNIT
DL-CS2 PERFECT DREAMS (SS)	MATTRESS	UNIT	UNIT
DL-CS2 PURE BREEZE (K)	MATTRESS	UNIT	UNIT
DL-CS2 PURE BREEZE (Q)	MATTRESS	UNIT	UNIT
DL-CS2 PURE BREEZE (S)	MATTRESS	UNIT	UNIT
DL-CS2 PURE BREEZE (SS)	MATTRESS	UNIT	UNIT
DL-CS2 RITZ LUXURY (K)	MATTRESS	UNIT	UNIT
DL-CS2 RITZ LUXURY (Q)	MATTRESS	UNIT	UNIT
DL-CS2 RITZ LUXURY (S)	MATTRESS	UNIT	UNIT
DL-CS2 RITZ LUXURY (SS)	MATTRESS	UNIT	UNIT
DL-CS2 VISCO BLISS (K)	MATTRESS	UNIT	UNIT
DL-CS2 VISCO BLISS (Q)	MATTRESS	UNIT	UNIT
DL-CS2 VISCO BLISS (S)	MATTRESS	UNIT	UNIT
DL-CS2 VISCO BLISS (SS)	MATTRESS	UNIT	UNIT
DL-CS2 VISCO COMFORT (K)	MATTRESS	UNIT	UNIT
DL-CS2 VISCO COMFORT (Q)	MATTRESS	UNIT	UNIT
DL-CS2 VISCO COMFORT (S)	MATTRESS	UNIT	UNIT
DL-CS2 VISCO COMFORT (SS)	MATTRESS	UNIT	UNIT
DL-CS2 VISCO DREAM (K)	MATTRESS	UNIT	UNIT
DL-CS2 VISCO DREAM (Q)	MATTRESS	UNIT	UNIT
DL-CS2 VISCO DREAM (S)	MATTRESS	UNIT	UNIT
DL-CS2 VISCO DREAM (SS)	MATTRESS	UNIT	UNIT
DL-CS2 VISCO NIGHT (K)	MATTRESS	UNIT	UNIT
DL-CS2 VISCO NIGHT (Q)	MATTRESS	UNIT	UNIT
DL-CS2 VISCO NIGHT (S)	MATTRESS	UNIT	UNIT
DL-CS2 VISCO NIGHT (SS)	MATTRESS	UNIT	UNIT
DL-D.ESCAPADE(K)	MATTRESS	UNIT	UNIT
DL-D.ESCAPADE(Q)	MATTRESS	UNIT	UNIT
DL-D.ESCAPADE(SS)	MATTRESS	UNIT	UNIT
DL-D.RELAXATION (K)	MATTRESS	UNIT	UNIT
DL-D.RELAXATION(Q)	MATTRESS	UNIT	UNIT
DL-D.ULTIMATE SANTUARY (K)	MATTRESS	UNIT	UNIT
DL-D.ULTIMATE SANTUARY (Q)	MATTRESS	UNIT	UNIT
DL-DEEP SLEEP (K)	MATTRESS	UNIT	UNIT
DL-DEEP SLEEP (Q)	MATTRESS	UNIT	UNIT
DL-DEEP SLEEP (S)	MATTRESS	UNIT	UNIT
DL-DEEP SLEEP (SP)	MATTRESS	UNIT	UNIT
DL-DEEP SLEEP (SS)	MATTRESS	UNIT	UNIT
DL-DESTRESS LEISURE (K)	MATTRESS	UNIT	UNIT
DL-DESTRESS LEISURE (Q)	MATTRESS	UNIT	UNIT
DL-DR SLEEP(K)	MATTRESS	UNIT	UNIT
DL-DR SLEEP(Q)	MATTRESS	UNIT	UNIT
DL-DR SLEEP(SS)	MATTRESS	UNIT	UNIT
DL-DUN CLS PALACE COMFORT (Q)	MATTRESS	UNIT	UNIT
DL-ECO COMFORT LATEX PILLOW	ACC	UNIT	UNIT
DL-ECO COOL LATEX PILLOW	ACC	UNIT	UNIT
DL-ECO NECK COMFORT PIL	ACC	UNIT	UNIT
DL-ECO SUPPORT CONTOUR PILLOW	ACC	UNIT	UNIT
DL-FIRMMEST LUXE 2.0 (K)	MATTRESS	UNIT	UNIT
DL-FIRMMEST LUXE 2.0 (Q)	MATTRESS	UNIT	UNIT
DL-GENERASI (K)	MATTRESS	UNIT	UNIT
DL-GENERASI (S)	MATTRESS	UNIT	UNIT
DL-GENERASI (SS)	MATTRESS	UNIT	UNIT
DL-GENERASI 3.0 20CM (K)	MATTRESS	UNIT	UNIT
DL-GENERASI 3.0 20CM (Q)	MATTRESS	UNIT	UNIT
DL-GENERASI 3.0 20CM (S)	MATTRESS	UNIT	UNIT
DL-GENERASI 3.0 20CM (SS)	MATTRESS	UNIT	UNIT
DL-GENERASI Z	MATTRESS	UNIT	UNIT
DL-GN + TCL FD MATT (S)	MATTRESS	UNIT	UNIT
DL-HOTEL PILLOW(M)	ACC	UNIT	UNIT
DL-HOTEL PILLOW(XL)	ACC	UNIT	UNIT
DL-HOTEL TOPPER (K)	ACC	UNIT	UNIT
DL-IMPERIAL DUCHESS	MATTRESS	UNIT	UNIT
DL-MP(K)	ACC	UNIT	UNIT
DL-MP(Q)	ACC	UNIT	UNIT
DL-MP(S)	ACC	UNIT	UNIT
DL-MP(SS)	ACC	UNIT	UNIT
DL-NATURAL TOPPER (S)	ACC	UNIT	UNIT
DL-ORT RELAX BED LITE MATT(S)	MATTRESS	UNIT	UNIT
DL-ORT RELAX BED LITE MATT(SS)	MATTRESS	UNIT	UNIT
DL-ORTHO RELAX SLEEP BED (S)	MATTRESS	UNIT	UNIT
DL-ORTHO RELAX SLEEP BED (SS)	MATTRESS	UNIT	UNIT
DL-OTR AQUA DREAM (K)	MATTRESS	UNIT	UNIT
DL-OTR AQUA DREAM (Q)	MATTRESS	UNIT	UNIT
DL-PERFECT POSTURE (K)	MATTRESS	UNIT	UNIT
DL-PERFECT POSTURE (Q)	MATTRESS	UNIT	UNIT
DL-PREFECT POSTURE (KD)	MATTRESS	UNIT	UNIT
DL-PREFECT POSTURE (QD)	MATTRESS	UNIT	UNIT
DL-RELAX SLEEP LUXURY (K)	MATTRESS	UNIT	UNIT
DL-RELAX SLEEP LUXURY (Q)	MATTRESS	UNIT	UNIT
DL-RELAX SLEEP LUXURY (S)	MATTRESS	UNIT	UNIT
DL-RELAX SLEEP LUXURY (SS)	MATTRESS	UNIT	UNIT
DL-ROY IMP DUCHESS (K)	MATTRESS	UNIT	UNIT
DL-ROY IMP DUCHESS (Q)	MATTRESS	UNIT	UNIT
DL-ROYAL EXECUTIVE LUXE 2.0(K)	MATTRESS	UNIT	UNIT
DL-ROYAL EXECUTIVE LUXE 2.0(Q)	MATTRESS	UNIT	UNIT
DL-ROYAL EXECUTIVE LUXE2.0(SK)	MATTRESS	UNIT	UNIT
DL-ROYAL FIRMTOURCH (Q)	MATTRESS	UNIT	UNIT
DL-ROYAL IMPERIAL (K)	MATTRESS	UNIT	UNIT
DL-ROYAL IMPERIAL (Q)	MATTRESS	UNIT	UNIT
DL-SENSATION 2.0 (K)	MATTRESS	UNIT	UNIT
DL-SENSATION 2.0 (S)	MATTRESS	UNIT	UNIT
DL-SENSATION 2.0 (SK)	MATTRESS	UNIT	UNIT
DL-SENSATION 2.0(Q)	MATTRESS	UNIT	UNIT
DL-SENSATION 2.0(SS)	MATTRESS	UNIT	UNIT
DL-SERENE LATEX PILLOW	ACC	UNIT	UNIT
DL-SERENITY LTX PIL	ACC	UNIT	UNIT
DL-SIGTWG OINNACLE (KD)	MATTRESS	UNIT	UNIT
DL-SIGTWG OINNACLE (QD)	MATTRESS	UNIT	UNIT
DL-SIGTWG PINNACLE (K)	MATTRESS	UNIT	UNIT
DL-SIGTWG PINNACLE (Q)	MATTRESS	UNIT	UNIT
DL-SILVERPRO ORTHO RELAXER (Q)	MATTRESS	UNIT	UNIT
DL-SLEEP WELL PILLOW	ACC	UNIT	UNIT
DL-TENCEL DREAM (K)	MATTRESS	UNIT	UNIT
DL-TENCEL DREAM (Q)	MATTRESS	UNIT	UNIT
DL-TENCEL DREAM (S)	MATTRESS	UNIT	UNIT
DL-TENCEL DREAM (SK)	MATTRESS	UNIT	UNIT
DL-TENCEL DREAM (SS)	MATTRESS	UNIT	UNIT
DL-TENCEL SENSACTION 2.0 (K)	MATTRESS	UNIT	UNIT
DL-TENCEL SENSACTION 2.0 (Q)	MATTRESS	UNIT	UNIT
DL-WHITE BOLSTER	ACC	UNIT	UNIT
DL-WHITE PILLOW	ACC	UNIT	UNIT
DL-WHITE PILLOW (DEMO)	ACC	UNIT	UNIT
DSL-8021 SOFA	SOFA	SET	SET
DSL-8030 SOFA	SOFA	SET	SET
DSL-8038 SOFA	SOFA	SET	SET
DSL-8039 SOFA	SOFA	SET	SET
DSL-8050 SOFA	SOFA	SET	SET
DSL-8051 SOFA	SOFA	SET	SET
DSL-8058 SOFA	SOFA	SET	SET
DSL-8060 SOFA	SOFA	SET	SET
DSL8060-1A(LHF)	OTHER	UNIT	UNIT
DSL8060-2A(RHF)	OTHER	UNIT	UNIT
DSL-8069 SOFA	SOFA	SET	SET
DSL-8501 SOFA	SOFA	SET	SET
DSL-9028 SOFA	SOFA	SET	SET
DSL-9058 SOFA	SOFA	SET	SET
DSL-LONG PILLOW	SOFA	UNIT	UNIT
DSL-SQUARE PILLOW	SOFA	SET	SET
DSL-STOOL 1	SOFA	UNIT	UNIT
EG-CLOUDREST MATT (K)	MATTRESS	UNIT	UNIT
EG-CLOUDREST MATT (Q)	MATTRESS	UNIT	UNIT
EG-CLOUDREST MATT (S)	MATTRESS	UNIT	UNIT
EG-CLOUDREST MATT (SK)	MATTRESS	UNIT	UNIT
EG-CLOUDREST MATT (SP)	MATTRESS	UNIT	UNIT
EG-CLOUDREST MATT (SS)	MATTRESS	UNIT	UNIT
EG-CS BLANKET (Q)	ACC	UNIT	UNIT
EG-CS BLANKET (SK)	ACC	UNIT	UNIT
EG-ECOZONE-C MATT (K)	MATTRESS	UNIT	UNIT
EG-ECOZONE-C MATT (Q)	MATTRESS	UNIT	UNIT
EG-ECOZONE-C MATT (SP)	MATTRESS	UNIT	UNIT
EG-ECOZONE-S MATT (K)	MATTRESS	UNIT	UNIT
EG-ECOZONE-S MATT (Q)	MATTRESS	UNIT	UNIT
EG-ECOZONE-S MATT (SP)	MATTRESS	UNIT	UNIT
EG-ERGOLITE MATT (K)	MATTRESS	UNIT	UNIT
EG-ERGOLITE MATT (Q)	MATTRESS	UNIT	UNIT
EG-ERGOLITE MATT (S)	MATTRESS	UNIT	UNIT
EG-ERGOLITE MATT (SK)	MATTRESS	UNIT	UNIT
EG-ERGOLITE MATT (SP)	MATTRESS	UNIT	UNIT
EG-ERGOLITE MATT (SS)	MATTRESS	UNIT	UNIT
EG-FLEXICARE-C MATT (K)	MATTRESS	UNIT	UNIT
EG-FLEXICARE-C MATT (Q)	MATTRESS	UNIT	UNIT
EG-FLEXICARE-C MATT (S)	MATTRESS	UNIT	UNIT
EG-FLEXICARE-C MATT (SK)	MATTRESS	UNIT	UNIT
EG-FLEXICARE-C MATT (SP)	MATTRESS	UNIT	UNIT
EG-FLEXICARE-C MATT (SS)	MATTRESS	UNIT	UNIT
EG-FLEXICARE-S MATT (K)	MATTRESS	UNIT	UNIT
EG-FLEXICARE-S MATT (Q)	MATTRESS	UNIT	UNIT
EG-FLEXICARE-S MATT (S)	MATTRESS	UNIT	UNIT
EG-FLEXICARE-S MATT (SK)	MATTRESS	UNIT	UNIT
EG-FLEXICARE-S MATT (SP)	MATTRESS	UNIT	UNIT
EG-FLEXICARE-S MATT (SS)	MATTRESS	UNIT	UNIT
EG-FLEXMOTION-C MATT (K)	MATTRESS	UNIT	UNIT
EG-FLEXMOTION-C MATT (Q)	MATTRESS	UNIT	UNIT
EG-FLEXMOTION-C MATT (S)	MATTRESS	UNIT	UNIT
EG-FLEXMOTION-C MATT (SP)	MATTRESS	UNIT	UNIT
EG-FLEXMOTION-C MATT (SS)	MATTRESS	UNIT	UNIT
EG-FLEXMOTION-S MATT (K)	MATTRESS	UNIT	UNIT
EG-FLEXMOTION-S MATT (Q)	MATTRESS	UNIT	UNIT
EG-FLEXMOTION-S MATT (S)	MATTRESS	UNIT	UNIT
EG-FLEXMOTION-S MATT (SP)	MATTRESS	UNIT	UNIT
EG-FLEXMOTION-S MATT (SS)	MATTRESS	UNIT	UNIT
EG-ND LTX MATT TOPPER	ACC	UNIT	UNIT
EG-PUREZONE-C MATT (K)	MATTRESS	UNIT	UNIT
EG-PUREZONE-C MATT (Q)	MATTRESS	UNIT	UNIT
EG-PUREZONE-C MATT (SK)	MATTRESS	UNIT	UNIT
EG-PUREZONE-C MATT (SP)	MATTRESS	UNIT	UNIT
EG-PUREZONE-S MATT (K)	MATTRESS	UNIT	UNIT
EG-PUREZONE-S MATT (Q)	MATTRESS	UNIT	UNIT
EG-PUREZONE-S MATT (SK)	MATTRESS	UNIT	UNIT
EG-PUREZONE-S MATT (SP)	MATTRESS	UNIT	UNIT
EG-SPINECARE-C MATT (K)	MATTRESS	UNIT	UNIT
EG-SPINECARE-C MATT (Q)	MATTRESS	UNIT	UNIT
EG-SPINECARE-C MATT (S)	MATTRESS	UNIT	UNIT
EG-SPINECARE-C MATT (SK)	MATTRESS	UNIT	UNIT
EG-SPINECARE-C MATT (SP)	MATTRESS	UNIT	UNIT
EG-SPINECARE-C MATT (SS)	MATTRESS	UNIT	UNIT
EG-SPINECARE-S MATT (K)	MATTRESS	UNIT	UNIT
EG-SPINECARE-S MATT (Q)	MATTRESS	UNIT	UNIT
EG-SPINECARE-S MATT (S)	MATTRESS	UNIT	UNIT
EG-SPINECARE-S MATT (SK)	MATTRESS	UNIT	UNIT
EG-SPINECARE-S MATT (SP)	MATTRESS	UNIT	UNIT
EG-SPINECARE-S MATT (SS)	MATTRESS	UNIT	UNIT
GMS-B25(K)	BEDFRAME	SET	SET
GMS-B25(Q)	BEDFRAME	SET	SET
GMS-B25(S)	BEDFRAME	SET	SET
GMS-B25(SS)	BEDFRAME	SET	SET
GN-ALAMANDA (Q)	MATTRESS	UNIT	UNIT
GN-COLONIA 2.0 DPC (Q)	MATTRESS	UNIT	UNIT
GN-COLONIA 2.0 DPC (S)	MATTRESS	UNIT	UNIT
GN-DUOCARE CL PILLOW	ACC	UNIT	UNIT
GN-DUOCARE CL PILLOW-DEMO	ACC	UNIT	UNIT
GN-DUOCARE NL PILLOW-DEMO	ACC	UNIT	UNIT
GN-FINNACLE (Q)	MATTRESS	UNIT	UNIT
GN-HOTEL SIGNATURE (Q)	MATTRESS	UNIT	UNIT
GN--IN LOVE (QD)	MATTRESS	UNIT	UNIT
GN-PERFECT LOVE (K)	MATTRESS	UNIT	UNIT
GN-TENDER LOVE (KD)	MATTRESS	UNIT	UNIT
GN-VM PILLOW-DEMO	ACC	UNIT	UNIT
GT-BIOCARE DUVET (KD)	MATTRESS	UNIT	UNIT
GT-COMPASS GREEN (KD)	MATTRESS	UNIT	UNIT
GT-HEADBROAD DIAMOND SQUARE-DM	BEDFRAME	SET	SET
GT-TOGETHA BOX DIVAN-DEMO	BEDFRAME	SET	SET
HB109M-CC	ACC	UNIT	UNIT
HB109NL	ACC	UNIT	UNIT
HB208M-CC	ACC	UNIT	UNIT
HB208NL	ACC	UNIT	UNIT
HB209M-CC	ACC	UNIT	UNIT
HB209NL	ACC	UNIT	UNIT
HB211NL	ACC	UNIT	UNIT
HB709M-CC	ACC	UNIT	UNIT
HB709NL	ACC	UNIT	UNIT
HL-BC-KOHANA 111	DINING	PCS	PCS
HL-BC-KOHANA 111 (1.0M)	DINING	PCS	PCS
HL-BC-LOFTUS 102/112 (1.1M)	DINING	PCS	PCS
HL-CT-DOVER 109/113	DINING	PCS	PCS
HL-CT-LAMAR 109	DINING	PCS	PCS
HL-CT-LOFTUS 102/112	DINING	PCS	PCS
HL-CT-LUDLOW 111	DINING	PCS	PCS
HL-DC BEVERLY 109/367	DINING	PCS	PCS
HL-DC TACY 109/520	DINING	PCS	PCS
HL-DC-BEVERLY 109/520	DINING	PCS	PCS
HL-DC-HEATH 109/3720	DINING	PCS	PCS
HL-DC-KAIRI 102/6184	DINING	PCS	PCS
HL-DC-LOTFI 109/113/6368	DINING	PCS	PCS
HL-DC-LOWEN 111	DINING	PCS	PCS
HL-DC-LOWEN 111/3790	DINING	PCS	PCS
HL-DC-LOWEN 111/3791	DINING	PCS	PCS
HL-DC-REVA 102/3724	DINING	PCS	PCS
HL-DT KACEY 102 (900X1500)	DINING	PCS	PCS
HL-DT-GERALD 114/109 (900X1800	DINING	PCS	PCS
HL-DT-KIVA 111 (900X1800)	DINING	PCS	PCS
HL-DT-LOFTUS 102/112 (800X1500	DINING	PCS	PCS
HL-DT-LOFTUS 102/112 (900X1800	DINING	PCS	PCS
HL-DT-LONY 111 (750X1200 )	DINING	PCS	PCS
HL-DT-OKARA 113 (DIA1200)	DINING	PCS	PCS
HL-FT ROUND-TRIS 109/113	DINING	PCS	PCS
HL-FT SQ-LUDLOW 111	DINING	PCS	PCS
HL-FT-DOVER 109/113	DINING	PCS	PCS
HL-FT-LAMAR 109	DINING	PCS	PCS
HL-FT-LOFTUS 102/112	DINING	PCS	PCS
HL-FT-LUDLOW 111	DINING	PCS	PCS
HL-SB-DOVER 109/113 (1.8M)	DINING	PCS	PCS
HL-SB-LOFTUS 102/112 (1.8M)	DINING	PCS	PCS
HL-ST-DOVER  109/113	DINING	PCS	PCS
HL-ST-LUDLOW 111	DINING	PCS	PCS
HL-WK-DOVER 109/113	DINING	PCS	PCS
HL-WK-LOFTUS 102/112	DINING	PCS	PCS
HL-WK-LUDLOW 111	DINING	PCS	PCS
HOK- DIVAN ONLY (SS)	BEDFRAME	SET	SET
HOK-1003 (A) (K)	BEDFRAME	SET	SET
HOK-1003 (A) (Q)	BEDFRAME	SET	SET
HOK-1003 (A) (S)	BEDFRAME	SET	SET
HOK-1003 (A) (SK)	BEDFRAME	SET	SET
HOK-1003 (A) (SP)	BEDFRAME	SET	SET
HOK-1003 (A) (SS)	BEDFRAME	SET	SET
HOK-1003 (A)(HF)(W) (K)	BEDFRAME	SET	SET
HOK-1003 (A)(HF)(W) (Q)	BEDFRAME	SET	SET
HOK-1003 (A)(HF)(W) (S)	BEDFRAME	SET	SET
HOK-1003 (A)(HF)(W) (SK)	BEDFRAME	SET	SET
HOK-1003 (A)(HF)(W) (SP)	BEDFRAME	SET	SET
HOK-1003 (A)(HF)(W) (SS)	BEDFRAME	SET	SET
HOK-1005 (K)	BEDFRAME	SET	SET
HOK-1005 (Q)	BEDFRAME	SET	SET
HOK-1005 (S)	BEDFRAME	SET	SET
HOK-1005 (SK)	BEDFRAME	SET	SET
HOK-1005 (SP)	BEDFRAME	SET	SET
HOK-1005 (SS)	BEDFRAME	SET	SET
HOK-1007 (HF)(W) (K)	BEDFRAME	SET	SET
HOK-1007 (HF)(W) (Q)	BEDFRAME	SET	SET
HOK-1007 (HF)(W) (S)	BEDFRAME	SET	SET
HOK-1007 (HF)(W) (SK)	BEDFRAME	SET	SET
HOK-1007 (HF)(W) (SP)	BEDFRAME	SET	SET
HOK-1007 (HF)(W) (SS)	BEDFRAME	SET	SET
HOK-1007 (K)	BEDFRAME	SET	SET
HOK-1007 (Q)	BEDFRAME	SET	SET
HOK-1007 (S)	BEDFRAME	SET	SET
HOK-1007 (SK)	BEDFRAME	SET	SET
HOK-1007 (SP)	BEDFRAME	SET	SET
HOK-1007 (SS)	BEDFRAME	SET	SET
HOK-1009 (A) (K)	BEDFRAME	SET	SET
HOK-1009 (A) (Q)	BEDFRAME	SET	SET
HOK-1009 (A) (S)	BEDFRAME	SET	SET
HOK-1009 (A) (SK)	BEDFRAME	SET	SET
HOK-1009 (A) (SP)	BEDFRAME	SET	SET
HOK-1009 (A) (SS)	BEDFRAME	SET	SET
HOK-1013 (K)	BEDFRAME	SET	SET
HOK-1013 (Q)	BEDFRAME	SET	SET
HOK-1013 (S)	BEDFRAME	SET	SET
HOK-1013 (SK)	BEDFRAME	SET	SET
HOK-1013 (SP)	BEDFRAME	SET	SET
HOK-1013 (SS)	BEDFRAME	SET	SET
HOK-1019 (A) (HF)(W) (K)	BEDFRAME	SET	SET
HOK-1019 (A) (HF)(W) (Q)	BEDFRAME	SET	SET
HOK-1019 (A) (HF)(W) (S)	BEDFRAME	SET	SET
HOK-1019 (A) (HF)(W) (SK)	BEDFRAME	SET	SET
HOK-1019 (A) (HF)(W) (SP)	BEDFRAME	SET	SET
HOK-1019 (A) (HF)(W) (SS)	BEDFRAME	SET	SET
HOK-1019 (K)	BEDFRAME	SET	SET
HOK-1019 (Q)	BEDFRAME	SET	SET
HOK-1019 (S)	BEDFRAME	SET	SET
HOK-1019 (SK)	BEDFRAME	SET	SET
HOK-1019 (SP)	BEDFRAME	SET	SET
HOK-1019 (SS)	BEDFRAME	SET	SET
HOK-1023 (HF)(W) (K)	BEDFRAME	SET	SET
HOK-1023 (HF)(W) (Q)	BEDFRAME	SET	SET
HOK-1023 (HF)(W) (S)	BEDFRAME	SET	SET
HOK-1023 (HF)(W) (SK)	BEDFRAME	SET	SET
HOK-1023 (HF)(W) (SP)	BEDFRAME	SET	SET
HOK-1023 (HF)(W) (SS)	BEDFRAME	SET	SET
HOK-1023 (K)	BEDFRAME	SET	SET
HOK-1023 (Q)	BEDFRAME	SET	SET
HOK-1023 (S)	BEDFRAME	SET	SET
HOK-1023 (SK)	BEDFRAME	SET	SET
HOK-1023 (SP)	BEDFRAME	SET	SET
HOK-1023 (SS)	BEDFRAME	SET	SET
HOK-1030 (HF)(W) (K)	BEDFRAME	SET	SET
HOK-1030 (HF)(W) (Q)	BEDFRAME	SET	SET
HOK-1030 (HF)(W) (S)	BEDFRAME	SET	SET
HOK-1030 (HF)(W) (SK)	BEDFRAME	SET	SET
HOK-1030 (HF)(W) (SP)	BEDFRAME	SET	SET
HOK-1030 (HF)(W) (SS)	BEDFRAME	SET	SET
HOK-1030 (K)	BEDFRAME	SET	SET
HOK-1030 (Q)	BEDFRAME	SET	SET
HOK-1030 (S)	BEDFRAME	SET	SET
HOK-1030 (SK)	BEDFRAME	SET	SET
HOK-1030 (SP)	BEDFRAME	SET	SET
HOK-1030 (SS)	BEDFRAME	SET	SET
HOK-1041 (K)	BEDFRAME	SET	SET
HOK-1041 (Q)	BEDFRAME	SET	SET
HOK-1041 (S)	BEDFRAME	SET	SET
HOK-1041 (SK)	BEDFRAME	SET	SET
HOK-1041 (SP)	BEDFRAME	SET	SET
HOK-1041 (SS)	BEDFRAME	SET	SET
HOK-1051 (K)	BEDFRAME	SET	SET
HOK-1051 (Q)	BEDFRAME	SET	SET
HOK-1051 (S)	BEDFRAME	SET	SET
HOK-1051 (SK)	BEDFRAME	SET	SET
HOK-1051 (SP)	BEDFRAME	SET	SET
HOK-1051 (SS)	BEDFRAME	SET	SET
HOK-1052 (K)	BEDFRAME	SET	SET
HOK-1052 (Q)	BEDFRAME	SET	SET
HOK-1052 (S)	BEDFRAME	SET	SET
HOK-1052 (SK)	BEDFRAME	SET	SET
HOK-1052 (SP)	BEDFRAME	SET	SET
HOK-1052 (SS)	BEDFRAME	SET	SET
HOK-1056 (K)	BEDFRAME	SET	SET
HOK-1056 (Q)	BEDFRAME	SET	SET
HOK-1056 (S)	BEDFRAME	SET	SET
HOK-1056 (SK)	BEDFRAME	SET	SET
HOK-1056 (SP)	BEDFRAME	SET	SET
HOK-1056 (SS)	BEDFRAME	SET	SET
HOK-2003 (K)	BEDFRAME	SET	SET
HOK-2003 (Q)	BEDFRAME	SET	SET
HOK-2003 (S)	BEDFRAME	SET	SET
HOK-2003 (SK)	BEDFRAME	SET	SET
HOK-2003 (SP)	BEDFRAME	SET	SET
HOK-2003 (SS)	BEDFRAME	SET	SET
HOK-2006(A) (K)	BEDFRAME	SET	SET
HOK-2006(A) (Q)	BEDFRAME	SET	SET
HOK-2006(A) (S)	BEDFRAME	SET	SET
HOK-2006(A) (SK)	BEDFRAME	SET	SET
HOK-2006(A) (SP)	BEDFRAME	SET	SET
HOK-2006(A) (SS)	BEDFRAME	SET	SET
HOK-2008(A) (K)	BEDFRAME	SET	SET
HOK-2008(A) (Q)	BEDFRAME	SET	SET
HOK-2008(A) (S)	BEDFRAME	SET	SET
HOK-2008(A) (SK)	BEDFRAME	SET	SET
HOK-2008(A) (SP)	BEDFRAME	SET	SET
HOK-2008(A) (SS)	BEDFRAME	SET	SET
HOK-2009(A) (K)	BEDFRAME	SET	SET
HOK-2009(A) (Q)	BEDFRAME	SET	SET
HOK-2009(A) (S)	BEDFRAME	SET	SET
HOK-2009(A) (SK)	BEDFRAME	SET	SET
HOK-2009(A) (SP)	BEDFRAME	SET	SET
HOK-2009(A) (SS)	BEDFRAME	SET	SET
HOK-2010(A) (K)	BEDFRAME	SET	SET
HOK-2010(A) (Q)	BEDFRAME	SET	SET
HOK-2010(A) (S)	BEDFRAME	SET	SET
HOK-2010(A) (SK)	BEDFRAME	SET	SET
HOK-2010(A) (SP)	BEDFRAME	SET	SET
HOK-2010(A) (SS)	BEDFRAME	SET	SET
HOK-2011(A) (K)	BEDFRAME	SET	SET
HOK-2011(A) (Q)	BEDFRAME	SET	SET
HOK-2011(A) (S)	BEDFRAME	SET	SET
HOK-2011(A) (SK)	BEDFRAME	SET	SET
HOK-2011(A) (SP)	BEDFRAME	SET	SET
HOK-2011(A) (SS)	BEDFRAME	SET	SET
HOK-2023 (K)	BEDFRAME	SET	SET
HOK-2023 (S)	BEDFRAME	SET	SET
HOK-2027 (K)	BEDFRAME	SET	SET
HOK-2027 (Q)	BEDFRAME	SET	SET
HOK-2027 (S)	BEDFRAME	SET	SET
HOK-2027 (SK)	BEDFRAME	SET	SET
HOK-2027 (SP)	BEDFRAME	SET	SET
HOK-2027 (SS)	BEDFRAME	SET	SET
HOK-2033 (HF)(W) (K)	BEDFRAME	SET	SET
HOK-2033 (HF)(W) (Q)	BEDFRAME	SET	SET
HOK-2033 (HF)(W) (S)	BEDFRAME	SET	SET
HOK-2033 (HF)(W) (SK)	BEDFRAME	SET	SET
HOK-2033 (HF)(W) (SP)	BEDFRAME	SET	SET
HOK-2033 (HF)(W) (SS)	BEDFRAME	SET	SET
HOK-2033 (K)	BEDFRAME	SET	SET
HOK-2033 (Q)	BEDFRAME	SET	SET
HOK-2033 (S)	BEDFRAME	SET	SET
HOK-2033 (SK)	BEDFRAME	SET	SET
HOK-2033 (SP)	BEDFRAME	SET	SET
HOK-2033 (SS)	BEDFRAME	SET	SET
HOK-2038 (A) (K)	BEDFRAME	SET	SET
HOK-2038 (A) (Q)	BEDFRAME	SET	SET
HOK-2038 (A) (S)	BEDFRAME	SET	SET
HOK-2038 (A) (SK)	BEDFRAME	SET	SET
HOK-2038 (A) (SP)	BEDFRAME	SET	SET
HOK-2038 (A) (SS)	BEDFRAME	SET	SET
HOK-2038 (A)(HF)(W) (K)	BEDFRAME	SET	SET
HOK-2038 (A)(HF)(W) (Q)	BEDFRAME	SET	SET
HOK-2038 (A)(HF)(W) (S)	BEDFRAME	SET	SET
HOK-2038 (A)(HF)(W) (SK)	BEDFRAME	SET	SET
HOK-2038 (A)(HF)(W) (SP)	BEDFRAME	SET	SET
HOK-2038 (A)(HF)(W) (SS)	BEDFRAME	SET	SET
HOK-2041 (A) (HF)(W) (K)	BEDFRAME	SET	SET
HOK-2041 (A) (HF)(W) (Q)	BEDFRAME	SET	SET
HOK-2041 (A) (HF)(W) (S)	BEDFRAME	SET	SET
HOK-2041 (A) (HF)(W) (SK)	BEDFRAME	SET	SET
HOK-2041 (A) (HF)(W) (SP)	BEDFRAME	SET	SET
HOK-2041 (A) (HF)(W) (SS)	BEDFRAME	SET	SET
HOK-2041 (A) (K)	BEDFRAME	SET	SET
HOK-2041 (A) (Q)	BEDFRAME	SET	SET
HOK-2041 (A) (S)	BEDFRAME	SET	SET
HOK-2041 (A) (SK)	BEDFRAME	SET	SET
HOK-2041 (A) (SP)	BEDFRAME	SET	SET
HOK-2041 (A) (SS)	BEDFRAME	SET	SET
HOK-2049 (K)	BEDFRAME	SET	SET
HOK-2049 (S)	BEDFRAME	SET	SET
HOK-5530 SOFA	SOFA	SET	SET
HOK-5531 SOFA	SOFA	SET	SET
HOK-5535 SOFA	SOFA	SET	SET
HOK-5536 SOFA	SOFA	SET	SET
HOK-5537 SOFA	SOFA	SET	SET
HOK-5540 SOFA	SOFA	SET	SET
HOK-5543 HEADREST	SOFA	UNIT	UNIT
HOK-5543 LONG PILLOW	SOFA	UNIT	UNIT
HOK-5543 SOFA	SOFA	SET	SET
HOK-5562 SOFA	SOFA	SET	SET
HOK-DIVAN ONLY (K)	BEDFRAME	SET	SET
HOK-DIVAN ONLY (Q)	BEDFRAME	SET	SET
HOK-DIVAN ONLY (S)	BEDFRAME	SET	SET
HOK-DIVAN ONLY (SK)	BEDFRAME	SET	SET
HOK-DIVAN ONLY (SP)	BEDFRAME	SET	SET
HOK-HEADBOARD ONLY (K)	BEDFRAME	UNIT	UNIT
HOK-HEADBOARD ONLY (Q)	BEDFRAME	UNIT	UNIT
HOK-HEADBOARD ONLY (S)	BEDFRAME	UNIT	UNIT
HOK-HEADBOARD ONLY (SP)	BEDFRAME	SET	SET
HOK-HEADBOARD ONLY (SS)	BEDFRAME	UNIT	UNIT
HOK-LONG PILLOW	SOFA	UNIT	UNIT
HOK-SQUARE PILLOW	SOFA	UNIT	UNIT
HOK-STOOL	SOFA	UNIT	UNIT
JM-BAMBOO JACQUARD WP MP (K)	ACC	UNIT	UNIT
JM-BAMBOO JACQUARD WP MP (Q)	ACC	UNIT	UNIT
JM-BAMBOO JACQUARD WP MP (S)	ACC	UNIT	UNIT
JM-BAMBOO JACQUARD WP MP (SK)	ACC	UNIT	UNIT
JM-BAMBOO JACQUARD WP MP (SS)	ACC	UNIT	UNIT
JM-CL JAC WP MP (K)	ACC	UNIT	UNIT
JM-CL JAC WP MP (Q)	ACC	UNIT	UNIT
JM-CL JAC WP MP (S)	ACC	UNIT	UNIT
JM-CL JAC WP MP (SK)	ACC	UNIT	UNIT
JM-CL JAC WP MP (SS)	ACC	UNIT	UNIT
LV-3068 BOLSTER	SOFA	UNIT	UNIT
LV-3068 SOFA	SOFA	SET	SET
MAJ-DINING CHAIR	DINING	PCS	PCS
MAJ-DINING LEG	DINING	UNIT	UNIT
MAJ-TABLE TOP	DINING	UNIT	UNIT
MDS-SOFA	SOFA	SET	SET
Miscellaneous	OTHER	UNIT	UNIT
MN-DINING CHAIR	DINING	UNIT	UNIT
MN-TABLE	DINING	UNIT	UNIT
MYLATEX AURORA (K)	MATTRESS	UNIT	UNIT
MYLATEX AURORA (Q)	MATTRESS	UNIT	UNIT
MYLATEX AURORA (S)	MATTRESS	UNIT	UNIT
MYLATEX AURORA (SK)	MATTRESS	UNIT	UNIT
MYLATEX AURORA (SP)	MATTRESS	UNIT	UNIT
MYLATEX AURORA (SS)	MATTRESS	UNIT	UNIT
MYLATEX BACKSHIRE (K)	MATTRESS	UNIT	UNIT
MYLATEX BACKSHIRE (Q)	MATTRESS	UNIT	UNIT
MYLATEX BACKSHIRE (S)	MATTRESS	UNIT	UNIT
MYLATEX BACKSHIRE (SK)	MATTRESS	UNIT	UNIT
MYLATEX BACKSHIRE (SS)	MATTRESS	UNIT	UNIT
MYLATEX BACKTON (K)	MATTRESS	UNIT	UNIT
MYLATEX BACKTON (Q)	MATTRESS	UNIT	UNIT
MYLATEX BACKTON (S)	MATTRESS	UNIT	UNIT
MYLATEX BACKTON (SK)	MATTRESS	UNIT	UNIT
MYLATEX BACKTON (SS)	MATTRESS	UNIT	UNIT
MYLATEX CELESTIA (K)	MATTRESS	UNIT	UNIT
MYLATEX CELESTIA (Q)	MATTRESS	UNIT	UNIT
MYLATEX CELESTIA (S)	MATTRESS	UNIT	UNIT
MYLATEX CELESTIA (SK)	MATTRESS	UNIT	UNIT
MYLATEX CELESTIA (SS)	MATTRESS	UNIT	UNIT
MYLATEX CRESTLAKE (K)	MATTRESS	UNIT	UNIT
MYLATEX CRESTLAKE (Q)	MATTRESS	UNIT	UNIT
MYLATEX CRESTLAKE (S)	MATTRESS	UNIT	UNIT
MYLATEX CRESTLAKE (SK)	MATTRESS	UNIT	UNIT
MYLATEX CRESTLAKE (SS)	MATTRESS	UNIT	UNIT
MYLATEX LUMBARIA (K)	MATTRESS	UNIT	UNIT
MYLATEX LUMBARIA (Q)	MATTRESS	UNIT	UNIT
MYLATEX LUMBARIA (S)	MATTRESS	UNIT	UNIT
MYLATEX LUMBARIA (SK)	MATTRESS	UNIT	UNIT
MYLATEX LUMBARIA (SS)	MATTRESS	UNIT	UNIT
MYLATEX VELVETON (K)	MATTRESS	UNIT	UNIT
MYLATEX VELVETON (Q)	MATTRESS	UNIT	UNIT
MYLATEX VELVETON (S)	MATTRESS	UNIT	UNIT
MYLATEX VELVETON (SK)	MATTRESS	UNIT	UNIT
MYLATEX VELVETON (SS)	MATTRESS	UNIT	UNIT
MYLATEX-CS MATT COVER (K)	ACC	UNIT	UNIT
MYLATEX-FOOTREST	OTHER	UNIT	UNIT
NB- DIVAN ONLY (SS)	BEDFRAME	SET	SET
NB-DIVAN ONLY	BEDFRAME	SET	SET
NB-DIVAN ONLY (K)	BEDFRAME	SET	SET
NB-DIVAN ONLY (Q)	BEDFRAME	SET	SET
NB-DIVAN ONLY (S)	BEDFRAME	SET	SET
NB-DIVAN ONLY (SK)	BEDFRAME	SET	SET
NB-DIVAN ONLY (SP)	BEDFRAME	SET	SET
NB-DOUBLE DACKER (DDB002)	BEDFRAME	SET	SET
NB-DOUBLE DACKER(DDB002)	BEDFRAME	SET	SET
NB-HEADBOARD ONLY (K)	BEDFRAME	UNIT	UNIT
NB-HEADBOARD ONLY (Q)	BEDFRAME	UNIT	UNIT
NB-HEADBOARD ONLY (S)	BEDFRAME	UNIT	UNIT
NB-HEADBOARD ONLY (SS)	BEDFRAME	UNIT	UNIT
NB-KHA01(K)	BEDFRAME	SET	SET
NB-KHA01(Q)	BEDFRAME	SET	SET
NB-KHA01(S)	BEDFRAME	SET	SET
NB-KHA01(SS)	BEDFRAME	SET	SET
NB-KHA07(K)	BEDFRAME	SET	SET
NB-KHA07(Q)	BEDFRAME	SET	SET
NB-KHA07(S)	BEDFRAME	SET	SET
NB-KHA07(SS)	BEDFRAME	SET	SET
NB-KHB 02 (K)	BEDFRAME	SET	SET
NB-KHB 02 (Q)	BEDFRAME	SET	SET
NB-KHB 02 (S)	BEDFRAME	SET	SET
NB-KHB 02 (SS)	BEDFRAME	SET	SET
NB-KHB(C)-00 (K)	BEDFRAME	SET	SET
NB-KHB(C)-00 (Q)	BEDFRAME	SET	SET
NB-KHB(C)-00 (S)	BEDFRAME	SET	SET
NB-KHB(C)-00 (SS)	BEDFRAME	SET	SET
NB-KHC07 (K)	BEDFRAME	SET	SET
NB-KHC07 (Q)	BEDFRAME	SET	SET
NB-KHC08 (K)	BEDFRAME	SET	SET
NB-KHC08 (Q)	BEDFRAME	SET	SET
NB-KHJ01 (SK)	BEDFRAME	SET	SET
NB-KHJ01 (SP)	BEDFRAME	SET	SET
NB-KHJ01(K)	BEDFRAME	SET	SET
NB-KHJ01(Q)	BEDFRAME	SET	SET
NB-KHJ01(S)	BEDFRAME	SET	SET
NB-KHJ01(SS)	BEDFRAME	SET	SET
NB-KHJ02 (SK)	BEDFRAME	SET	SET
NB-KHJ02 (SP)	BEDFRAME	SET	SET
NB-KHJ02(K)	BEDFRAME	SET	SET
NB-KHJ02(Q)	BEDFRAME	SET	SET
NB-KHJ02(S)	BEDFRAME	SET	SET
NB-KHJ02(SS)	BEDFRAME	SET	SET
NB-KHJ05 (SK)	BEDFRAME	SET	SET
NB-KHJ05 (SP)	BEDFRAME	SET	SET
NB-KHJ05(K)	BEDFRAME	SET	SET
NB-KHJ05(Q)	BEDFRAME	SET	SET
NB-KHJ05(S)	BEDFRAME	SET	SET
NB-KHJ05(SS)	BEDFRAME	SET	SET
NB-KHJ06 (SK)	BEDFRAME	SET	SET
NB-KHJ06 (SP)	BEDFRAME	SET	SET
NB-KHJ06(K)	BEDFRAME	SET	SET
NB-KHJ06(Q)	BEDFRAME	SET	SET
NB-KHJ06(S)	BEDFRAME	SET	SET
NB-KHJ06(SS)	BEDFRAME	SET	SET
NB-KHJ19 (K)	BEDFRAME	SET	SET
NB-KHJ19 (Q)	BEDFRAME	SET	SET
NB-KHJ19 (S)	BEDFRAME	SET	SET
NB-KHJ19 (SK)	BEDFRAME	SET	SET
NB-KHJ19 (SP)	BEDFRAME	SET	SET
NB-KHJ19 (SS)	BEDFRAME	SET	SET
NB-KHJ21 (SK)	BEDFRAME	SET	SET
NB-KHJ21 (SP)	BEDFRAME	SET	SET
NB-KHJ21(K)	BEDFRAME	SET	SET
NB-KHJ21(Q)	BEDFRAME	SET	SET
NB-KHJ21(S)	BEDFRAME	SET	SET
NB-KHJ21(SS)	BEDFRAME	SET	SET
NB-KHJ33 (SP)	BEDFRAME	SET	SET
NB-KHJ33(K)	BEDFRAME	SET	SET
NB-KHJ33(Q)	BEDFRAME	SET	SET
NB-KHJ33(S)	BEDFRAME	SET	SET
NB-KHJ33(SK)	BEDFRAME	SET	SET
NB-KHJ33(SS)	BEDFRAME	SET	SET
NB-KHJ35 (K)	BEDFRAME	SET	SET
NB-KHJ35 (Q)	BEDFRAME	SET	SET
NB-KHJ35 (S)	BEDFRAME	SET	SET
NB-KHJ35 (SK)	BEDFRAME	SET	SET
NB-KHJ35 (SP)	BEDFRAME	SET	SET
NB-KHJ35 (SS)	BEDFRAME	SET	SET
NB-KHJ38 (A)(F) (K)	BEDFRAME	SET	SET
NB-KHJ38 (A)(F) (Q)	BEDFRAME	SET	SET
NB-KHJ38 (A)(F) (S)	BEDFRAME	SET	SET
NB-KHJ38 (A)(F) (SK)	BEDFRAME	SET	SET
NB-KHJ38 (A)(F) (SP)	BEDFRAME	SET	SET
NB-KHJ38 (A)(F) (SS)	BEDFRAME	SET	SET
NB-KHJ38 (SK)	BEDFRAME	SET	SET
NB-KHJ38 (SP)	BEDFRAME	SET	SET
NB-KHJ38(K)	BEDFRAME	SET	SET
NB-KHJ38(Q)	BEDFRAME	SET	SET
NB-KHJ38(S)	BEDFRAME	SET	SET
NB-KHJ38(SS)	BEDFRAME	SET	SET
NB-KHJ50 (A)(F) (K)	BEDFRAME	SET	SET
NB-KHJ50 (A)(F) (Q)	BEDFRAME	SET	SET
NB-KHJ50 (A)(F) (S)	BEDFRAME	SET	SET
NB-KHJ50 (A)(F) (SK)	BEDFRAME	SET	SET
NB-KHJ50 (A)(F) (SP)	BEDFRAME	SET	SET
NB-KHJ50 (A)(F) (SS)	BEDFRAME	SET	SET
NB-KHJ50 (SK)	BEDFRAME	SET	SET
NB-KHJ50 (SP)	BEDFRAME	SET	SET
NB-KHJ50(K)	BEDFRAME	SET	SET
NB-KHJ50(Q)	BEDFRAME	SET	SET
NB-KHJ50(S)	BEDFRAME	SET	SET
NB-KHJ50(SS)	BEDFRAME	SET	SET
NB-KHJ57 (F) (K)	BEDFRAME	SET	SET
NB-KHJ57 (F) (Q)	BEDFRAME	SET	SET
NB-KHJ57 (F) (S)	BEDFRAME	SET	SET
NB-KHJ57 (F) (SK)	BEDFRAME	SET	SET
NB-KHJ57 (F) (SP)	BEDFRAME	SET	SET
NB-KHJ57 (F) (SS)	BEDFRAME	SET	SET
NB-KHJ57 (SK)	BEDFRAME	SET	SET
NB-KHJ57 (SP)	BEDFRAME	SET	SET
NB-KHJ57(K)	BEDFRAME	SET	SET
NB-KHJ57(Q)	BEDFRAME	SET	SET
NB-KHJ57(S)	BEDFRAME	SET	SET
NB-KHJ57(SS)	BEDFRAME	SET	SET
NB-KHL(C)-00(K)	BEDFRAME	SET	SET
NB-KHL(C)-00(Q)	BEDFRAME	SET	SET
NB-KHL(C)-00(S)	BEDFRAME	SET	SET
NB-KHL(C)-00(SS)	BEDFRAME	SET	SET
NB-LSD013 (K)	BEDFRAME	SET	SET
NB-LSD013 (Q)	BEDFRAME	SET	SET
NB-LSD013 (S)	BEDFRAME	SET	SET
NB-LSD013 (SK)	BEDFRAME	SET	SET
NB-LSD013 (SP)	BEDFRAME	SET	SET
NB-LSD013 (SS)	BEDFRAME	SET	SET
NB-NBG 06 DEMO	BEDFRAME	SET	SET
NB-NBG 09 (L)	BEDFRAME	SET	SET
NB-NBG 09 (R)	BEDFRAME	SET	SET
NB-NBG01 (SK)	BEDFRAME	SET	SET
NB-NBG01 (SP)	BEDFRAME	SET	SET
NB-NBG01(S)	BEDFRAME	SET	SET
NB-NBG01(SS+S)	BEDFRAME	SET	SET
NB-NBG02 (SK)	BEDFRAME	SET	SET
NB-NBG02 (SP)	BEDFRAME	SET	SET
NB-NBG02(SS)	BEDFRAME	SET	SET
NB-NBG02(SS+S)	BEDFRAME	SET	SET
NB-NBG04 (SK)	BEDFRAME	SET	SET
NB-NBG04 (SP)	BEDFRAME	SET	SET
NB-NBG04(SS+S)	BEDFRAME	SET	SET
NB-NBG06 (SK)	BEDFRAME	SET	SET
NB-NBG06 (SP)	BEDFRAME	SET	SET
NB-NBG06(K)	BEDFRAME	SET	SET
NB-NBG06(Q)	BEDFRAME	SET	SET
NB-NBG06(S)	BEDFRAME	SET	SET
NB-NBG06(SS)	BEDFRAME	SET	SET
NB-NBG06(SS+S)	BEDFRAME	SET	SET
NB-NBG09(S)	BEDFRAME	SET	SET
NB-NH 28 (CUSTOMISE)	BEDFRAME	SET	SET
NB-NH112 (F) (K)	BEDFRAME	SET	SET
NB-NH112 (F) (Q)	BEDFRAME	SET	SET
NB-NH112 (F) (S)	BEDFRAME	SET	SET
NB-NH112 (F) (SK)	BEDFRAME	SET	SET
NB-NH112 (F) (SP)	BEDFRAME	SET	SET
NB-NH112 (F) (SS)	BEDFRAME	SET	SET
NB-NH125 (KD) (K)	BEDFRAME	SET	SET
NB-NH125 (KD) (Q)	BEDFRAME	SET	SET
NB-NH125 (KD) (S)	BEDFRAME	SET	SET
NB-NH125 (KD) (SK)	BEDFRAME	SET	SET
NB-NH125 (KD) (SP)	BEDFRAME	SET	SET
NB-NH125 (KD) (SS)	BEDFRAME	SET	SET
NB-NH23 (K)	BEDFRAME	SET	SET
NB-NH23 (Q)	BEDFRAME	SET	SET
NB-NH23 (S)	BEDFRAME	SET	SET
NB-NH23 (SK)	BEDFRAME	SET	SET
NB-NH23 (SP)	BEDFRAME	SET	SET
NB-NH23 (SS)	BEDFRAME	SET	SET
NB-NH25(A) (SK)	BEDFRAME	SET	SET
NB-NH25(A) (SP)	BEDFRAME	SET	SET
NB-NH25(A)(K)	BEDFRAME	SET	SET
NB-NH25(A)(Q)	BEDFRAME	SET	SET
NB-NH25(A)(S)	BEDFRAME	SET	SET
NB-NH25(A)(SS)	BEDFRAME	SET	SET
NB-NH27 (K)	BEDFRAME	SET	SET
NB-NH27 (Q)	BEDFRAME	SET	SET
NB-NH27 (S)	BEDFRAME	SET	SET
NB-NH27 (SS)	BEDFRAME	SET	SET
NB-NH27(A) (SK)	BEDFRAME	SET	SET
NB-NH27(A) (SP)	BEDFRAME	SET	SET
NB-NH30(A) (KD)	BEDFRAME	SET	SET
NB-NH34 (K)	BEDFRAME	SET	SET
NB-NH34 (Q)	BEDFRAME	SET	SET
NB-NH34 (SK)	BEDFRAME	SET	SET
NB-NH34 (SP)	BEDFRAME	SET	SET
NB-NH36 (K)	BEDFRAME	SET	SET
NB-NH36 (Q)	BEDFRAME	SET	SET
NB-NH36(A) (SK)	BEDFRAME	SET	SET
NB-NH36(A) (SP)	BEDFRAME	SET	SET
NB-NH36(S)	BEDFRAME	SET	SET
NB-NH36(SS)	BEDFRAME	SET	SET
NB-NH39(A) (SP)	BEDFRAME	SET	SET
NB-NH39(A)(K)	BEDFRAME	SET	SET
NB-NH39(A)(Q)	BEDFRAME	SET	SET
NB-NH39(A)(S)	BEDFRAME	SET	SET
NB-NH39(A)(SK)	BEDFRAME	SET	SET
NB-NH39(A)(SS)	BEDFRAME	SET	SET
NB-NH41 (K)	BEDFRAME	SET	SET
NB-NH41 (Q)	BEDFRAME	SET	SET
NB-NH41 (S)	BEDFRAME	SET	SET
NB-NH41 (SK)	BEDFRAME	SET	SET
NB-NH41 (SP)	BEDFRAME	SET	SET
NB-NH41 (SS)	BEDFRAME	SET	SET
NB-NH44 (K)	BEDFRAME	SET	SET
NB-NH44 (Q)	BEDFRAME	SET	SET
NB-NH44 (S)	BEDFRAME	SET	SET
NB-NH44 (SS)	BEDFRAME	SET	SET
NB-NH44(A) (SK)	BEDFRAME	SET	SET
NB-NH44(A) (SP)	BEDFRAME	SET	SET
NB-NH61 (SK)	BEDFRAME	SET	SET
NB-NH61 (SP)	BEDFRAME	SET	SET
NB-NH61(K)	BEDFRAME	SET	SET
NB-NH61(Q)	BEDFRAME	SET	SET
NB-NH63 (K)	BEDFRAME	SET	SET
NB-NH63 (Q)	BEDFRAME	SET	SET
NB-NH63 (S)	BEDFRAME	SET	SET
NB-NH63 (SS)	BEDFRAME	SET	SET
NB-NH63(A) (SK)	BEDFRAME	SET	SET
NB-NH63(A) (SP)	BEDFRAME	SET	SET
NB-NH66(A) (SK)	BEDFRAME	SET	SET
NB-NH66(A) (SP)	BEDFRAME	SET	SET
NB-NH66(A)(K)	BEDFRAME	SET	SET
NB-NH66(A)(Q)	BEDFRAME	SET	SET
NB-NH72(A) (SK)	BEDFRAME	SET	SET
NB-NH72(A) (SP)	BEDFRAME	SET	SET
NB-NH72(A)(K)	BEDFRAME	SET	SET
NB-NH72(A)(Q)	BEDFRAME	SET	SET
NB-NH79(A) (K)	BEDFRAME	SET	SET
NB-NH79(A) (Q)	BEDFRAME	SET	SET
NB-NH79(A) (SK)	BEDFRAME	SET	SET
NB-NH79(A) (SP)	BEDFRAME	SET	SET
NB-NH79(A) (SS)	BEDFRAME	SET	SET
NB-NH85(A) (K)	BEDFRAME	SET	SET
NB-NH85(A) (Q)	BEDFRAME	SET	SET
NB-NH85(A) (S)	BEDFRAME	SET	SET
NB-NH85(A) (SK)	BEDFRAME	SET	SET
NB-NH85(A) (SP)	BEDFRAME	SET	SET
NB-NH85(A) (SS)	BEDFRAME	SET	SET
NB-NH86 (K)	BEDFRAME	SET	SET
NB-NH86 (Q)	BEDFRAME	SET	SET
NB-NH86 (S)	BEDFRAME	SET	SET
NB-NH86 (SK)	BEDFRAME	SET	SET
NB-NH86 (SP)	BEDFRAME	SET	SET
NB-NH86 (SS)	BEDFRAME	SET	SET
NK-1003 (K)	BEDFRAME	SET	SET
NK-1003 (Q)	BEDFRAME	SET	SET
NK-1003 (S)	BEDFRAME	SET	SET
NK-1003 (SK)	BEDFRAME	SET	SET
NK-1003 (SP)	BEDFRAME	SET	SET
NK-1003 (SS)	BEDFRAME	SET	SET
NK-1005 (K)	BEDFRAME	SET	SET
NK-1005 (Q)	BEDFRAME	SET	SET
NK-1005 (S)	BEDFRAME	SET	SET
NK-1005 (SK)	BEDFRAME	SET	SET
NK-1005 (SP)	BEDFRAME	SET	SET
NK-1005 (SS)	BEDFRAME	SET	SET
NK-1007 (K)	BEDFRAME	SET	SET
NK-1007 (Q)	BEDFRAME	SET	SET
NK-1007 (S)	BEDFRAME	SET	SET
NK-1007 (SK)	BEDFRAME	SET	SET
NK-1007 (SP)	BEDFRAME	SET	SET
NK-1007 (SS)	BEDFRAME	SET	SET
NK-1008 (K)	BEDFRAME	SET	SET
NK-1008 (Q)	BEDFRAME	SET	SET
NK-1008 (S)	BEDFRAME	SET	SET
NK-1008 (SK)	BEDFRAME	SET	SET
NK-1008 (SP)	BEDFRAME	SET	SET
NK-1008 (SS)	BEDFRAME	SET	SET
NK-1009 (K)	BEDFRAME	SET	SET
NK-1009 (Q)	BEDFRAME	SET	SET
NK-1009 (S)	BEDFRAME	SET	SET
NK-1009 (SK)	BEDFRAME	SET	SET
NK-1009 (SP)	BEDFRAME	SET	SET
NK-1009 (SS)	BEDFRAME	SET	SET
NK-1010 (K)	BEDFRAME	SET	SET
NK-1010 (Q)	BEDFRAME	SET	SET
NK-1010 (S)	BEDFRAME	SET	SET
NK-1010 (SK)	BEDFRAME	SET	SET
NK-1010 (SP)	BEDFRAME	SET	SET
NK-1010 (SS)	BEDFRAME	SET	SET
NK-1011 (K)	BEDFRAME	SET	SET
NK-1011 (Q)	BEDFRAME	SET	SET
NK-1011 (S)	BEDFRAME	SET	SET
NK-1011 (SK)	BEDFRAME	SET	SET
NK-1011 (SP)	BEDFRAME	SET	SET
NK-1011 (SS)	BEDFRAME	SET	SET
NK-1013 (K)	BEDFRAME	SET	SET
NK-1013 (Q)	BEDFRAME	SET	SET
NK-1013 (S)	BEDFRAME	SET	SET
NK-1013 (SK)	BEDFRAME	SET	SET
NK-1013 (SP)	BEDFRAME	SET	SET
NK-1013 (SS)	BEDFRAME	SET	SET
NK-1016 (K)	BEDFRAME	SET	SET
NK-1016 (Q)	BEDFRAME	SET	SET
NK-1016 (SK)	BEDFRAME	SET	SET
NK-1016 (SP)	BEDFRAME	SET	SET
NK-1016 (SS)	BEDFRAME	SET	SET
NK-1016(S)	BEDFRAME	SET	SET
NK-1025 (K)	BEDFRAME	SET	SET
NK-1025 (Q)	BEDFRAME	SET	SET
NK-1025 (S)	BEDFRAME	SET	SET
NK-1025 (SK)	BEDFRAME	SET	SET
NK-1025 (SP)	BEDFRAME	SET	SET
NK-1025 (SS)	BEDFRAME	SET	SET
NK-1026 (K)	BEDFRAME	SET	SET
NK-1026 (Q)	BEDFRAME	SET	SET
NK-1026 (SK)	BEDFRAME	SET	SET
NK-1026 (SP)	BEDFRAME	SET	SET
NK-1026(S)	BEDFRAME	SET	SET
NK-1026(SS)	BEDFRAME	SET	SET
NK-1030 (K)	BEDFRAME	SET	SET
NK-1030 (Q)	BEDFRAME	SET	SET
NK-1030 (S)	BEDFRAME	SET	SET
NK-1030 (SK)	BEDFRAME	SET	SET
NK-1030 (SP)	BEDFRAME	SET	SET
NK-1030 (SS)	BEDFRAME	SET	SET
NK-1038 (K)	BEDFRAME	SET	SET
NK-1038 (Q)	BEDFRAME	SET	SET
NK-1038 (S)	BEDFRAME	SET	SET
NK-1038 (SK)	BEDFRAME	SET	SET
NK-1038 (SP)	BEDFRAME	SET	SET
NK-1038 (SS)	BEDFRAME	SET	SET
NK-1044 (K)	BEDFRAME	SET	SET
NK-1044 (Q)	BEDFRAME	SET	SET
NK-1044 (S)	BEDFRAME	SET	SET
NK-1044 (SK)	BEDFRAME	SET	SET
NK-1044 (SP)	BEDFRAME	SET	SET
NK-1044 (SS)	BEDFRAME	SET	SET
NK-1045 (K)	BEDFRAME	SET	SET
NK-1045 (Q)	BEDFRAME	SET	SET
NK-1045 (S)	BEDFRAME	SET	SET
NK-1045 (SK)	BEDFRAME	SET	SET
NK-1045 (SP)	BEDFRAME	SET	SET
NK-1045 (SS)	BEDFRAME	SET	SET
NK-1046 (K)	BEDFRAME	SET	SET
NK-1046 (Q)	BEDFRAME	SET	SET
NK-1046 (S)	BEDFRAME	SET	SET
NK-1046 (SK)	BEDFRAME	SET	SET
NK-1046 (SP)	BEDFRAME	SET	SET
NK-1046 (SS)	BEDFRAME	SET	SET
NK-1058 (K)	BEDFRAME	SET	SET
NK-1058 (Q)	BEDFRAME	SET	SET
NK-1058 (S)	BEDFRAME	SET	SET
NK-1058 (SK)	BEDFRAME	SET	SET
NK-1058 (SP)	BEDFRAME	SET	SET
NK-1058 (SS)	BEDFRAME	SET	SET
NK-1075B (K)	BEDFRAME	SET	SET
NK-1075B (Q)	BEDFRAME	SET	SET
NK-1075B (S)	BEDFRAME	SET	SET
NK-1075B (SK)	BEDFRAME	SET	SET
NK-1075B (SP)	BEDFRAME	SET	SET
NK-1075B (SS)	BEDFRAME	SET	SET
NK-1084 (K)	BEDFRAME	SET	SET
NK-1084 (Q)	BEDFRAME	SET	SET
NK-1084 (SK)	BEDFRAME	SET	SET
NK-1084 (SP)	BEDFRAME	SET	SET
NK-DIVAN ONLY	BEDFRAME	SET	SET
NK-DIVAN ONLY (K)	BEDFRAME	SET	SET
NK-DIVAN ONLY (Q)	BEDFRAME	SET	SET
NK-DIVAN ONLY (SK)	BEDFRAME	SET	SET
NK-DIVAN ONLY (SP)	BEDFRAME	SET	SET
NK-SPECIAL SET	BEDFRAME	SET	SET
NTYR-CL MX MICR PIL	ACC	UNIT	UNIT
NTYR-CS LTX BST + CSC	ACC	UNIT	UNIT
NTYR-CS LTX PIL + CSC	ACC	UNIT	UNIT
NTYR-ERGO LTX PIL	ACC	UNIT	UNIT
NTYR-MEM FM CT PIL	ACC	UNIT	UNIT
NTYR-TECHGEL MEM PIL	ACC	UNIT	UNIT
PILLOW CASE	ACC	UNIT	UNIT
RC-COM	OTHER	UNIT	UNIT
RC-CUS	OTHER	UNIT	UNIT
RC-TRP	OTHER	UNIT	UNIT
RDS-5152 SOFA	SOFA	SET	SET
RDS-5526 CONSOLE	SOFA	SET	SET
RDS-5526 SOFA	SOFA	SET	SET
RDS-5527 SOFA	SOFA	SET	SET
RDS-558 HEADREST	SOFA	SET	SET
RDS-558 SOFA	SOFA	SET	SET
RDS-70153 SOFA	SOFA	SET	SET
RDS-808 SOFA	SOFA	SET	SET
RDS-810 BOLSTER	SOFA	SET	SET
RDS-810 SOFA	SOFA	SET	SET
RDS-8133 SOFA	SOFA	SET	SET
RDS-822 SOFA	SOFA	SET	SET
RDS-822 SQUARE PILLOW	SOFA	UNIT	UNIT
RDS-823 HEADREST	SOFA	SET	SET
RDS-823 LONG PILLOW	SOFA	SET	SET
RDS-823 SOFA	SOFA	SET	SET
RDS-HEADREST	SOFA	UNIT	UNIT
RDS-HORSEROPE BOLSTER	SOFA	SET	SET
RDS-LONG PILLOW	SOFA	SET	SET
RDS-R819 SOFA	SOFA	SET	SET
RDS-SGABELLO	SOFA	SET	SET
RDS-SQUARE PILLOW	SOFA	UNIT	UNIT
RDS-STOOL	SOFA	SET	SET
SB02	OTHER	UNIT	UNIT
SHIPPING COST	OTHER	UNIT	UNIT
SIDE TBL	DINING	PCS	PCS
SOFA-333 44	SOFA	SET	SET
SOFT PILLOW	ACC	UNIT	UNIT
STEEL BEDFRAME (Q)	BEDFRAME	SET	SET
STORAGE	OTHER	UNIT	UNIT
SVI-00830 SOFA	SOFA	SET	SET
SVI-00830 SOFA 1S	OTHER	UNIT	UNIT
SVI-00909 SOFA	SOFA	SET	SET
SVI-00913 SOFA	SOFA	SET	SET
SVI-MD490 SOFA	SOFA	SET	SET
TD-3002 SOFA	SOFA	SET	SET
TD-5035 SOFA	SOFA	SET	SET
TD-5080 SOFA	SOFA	SET	SET
TD-5107 SOFA	SOFA	SET	SET
TD-5119 SOFA	SOFA	SET	SET
TD-BS22 SOFA	SOFA	SET	SET
TD-BS30 SOFA	SOFA	SET	SET
TD-SF5015 SOFA	SOFA	SET	SET
TD-SF5015A SOFA	SOFA	SET	SET
TD-SF5030 SOFA	SOFA	SET	SET
TD-SF5066 SOFA	SOFA	SET	SET
TD-SF5071 SOFA	SOFA	SET	SET
TD-SF5080 SOFA	SOFA	SET	SET
TD-SF5083 SOFA	SOFA	SET	SET
TD-SF5111A SOFA	SOFA	SET	SET
TD-SF5117A SOFA	SOFA	SET	SET
TD-SF7006 SOFA	SOFA	SET	SET
TD-STOOL	SOFA	UNIT	UNIT
THL-1068 STOOL	SOFA	SET	SET
THL-2376	SOFA	SET	SET
THL-2379	SOFA	SET	SET
THL-2391	SOFA	SET	SET
THL-5133	SOFA	SET	SET
THL-5135	SOFA	SET	SET
THL-5142	SOFA	SET	SET
THL-5142 PILLOW	SOFA	SET	SET
THL-5150	SOFA	SET	SET
THL-5152	SOFA	SET	SET
THL-7179	SOFA	SET	SET
THL-7202	SOFA	SET	SET
THL-7212	SOFA	SET	SET
THL-7218	SOFA	SET	SET
THL-7219	SOFA	SET	SET
THL-7221	SOFA	SET	SET
THL-7223	SOFA	SET	SET
THL-7226	SOFA	SET	SET
THL-7233	SOFA	SET	SET
THL-7238	SOFA	SET	SET
THL-7251	SOFA	SET	SET
THL-POWER BANK INCLINER	SOFA	SET	SET
THL-SOFA PILLOW	ACC	UNIT	UNIT
THL-SQUARE PILLOW	SOFA	UNIT	UNIT
TNS-9838 DB	SOFA	SET	SET
TNS-9838 SOFA	SOFA	SET	SET
TRANSPORTATION CHARGES	TRANS	.	.
TV CABINET	DINING	UNIT	UNIT
ZZ-ERP-QA-ITEM	OTHER	UNIT	UNIT
ZZ-ERP-QA-ITEM2	OTHER	UNIT	UNIT
