AKEMI -PEBBLE GREY-(K)	AKBF-PEBBLE GREY (K)	1.00	DUP	BEDFRAME
AKEMI -PEBBLE GREY-(Q)	AKBF-PEBBLE GREY (Q)	1.00	DUP	BEDFRAME
AKEMI -PEBBLE GREY-(S)	AKBF-PEBBLE GREY (S)	1.00	DUP	BEDFRAME
AKEMI -PEBBLE GREY-(SK)	AKBF-PEBBLE GREY (SK)	1.00	DUP	BEDFRAME
AKEMI -PEBBLE GREY-(SS)	AKBF-PEBBLE GREY (SS)	1.00	DUP	BEDFRAME
AKEMI -SANDY BEACH-(K)	AKBF-SANDY BEACH (K)	1.00	DUP	BEDFRAME
AKEMI -SANDY BEACH-(Q)	AKBF-SANDY BEACH (Q)	1.00	DUP	BEDFRAME
AKEMI -SANDY BEACH-(S)	AKBF-SANDY BEACH (S)	1.00	DUP	BEDFRAME
AKEMI -SANDY BEACH-(SS)	AKBF-SANDY BEACH (SS)	1.00	DUP	BEDFRAME
STEEL-(Q)	STEEL BEDFRAME (Q)	1.00	NEEDSBIND	BEDFRAME
FOOTREST	MYLATEX-FOOTREST	1.00	NEEDSBIND	ACCESSORY
PILLOW CASE	PILLOW CASE	1.00	NEEDSBIND	ACCESSORY
THL-SOFA PILLOW	THL-5142 PILLOW	1.00	DUP	ACCESSORY
AKEMI COMFORT H+C MATT (S)	AK-COMFORT H+C MATT (S)	1.00	DUP	MATTRESS
AKEMI COMFORT HB MATT (K)	AK-COMFORT HB MATT (K) 	1.00	DUP	MATTRESS
AKEMI COMFORT HB MATT (Q)	AK-COMFORT HB MATT (Q)	1.00	DUP	MATTRESS
AKEMI COMFORT HB MATT (S)	AK-COMFORT HB MATT (S)	1.00	DUP	MATTRESS
AKEMI COMFORT HB MATT (SS)	AK-COMFORT HB MATT (SS)	1.00	DUP	MATTRESS
AKEMI HS SOLACE MATT (K)	AK-HS SOLACE (K)	1.00	DUP	MATTRESS
AKEMI HS SOLACE MATT (Q)	AK-HS SOLACE (Q)	1.00	DUP	MATTRESS
AKEMI HS SOLACE MATT (S)	AK-HS SOLACE (S)	1.00	DUP	MATTRESS
AKEMI HS SOLACE MATT (SK)	AK-HS SOLACE (SK)	1.00	DUP	MATTRESS
AKEMI HS SOLACE MATT (SP)	AK-HS SOLACE (SP)	1.00	DUP	MATTRESS
AKEMI HS SOLACE MATT (SS)	AK-HS SOLACE (SS)	1.00	DUP	MATTRESS
AKEMI SOLITUDE MATT (Q)	AK-SOLITUDE MATT (Q)	1.00	DUP	MATTRESS
AKEMI SOLITUDE MATT (S)	AK-SOLITUDE MATT (S)	1.00	DUP	MATTRESS
AKEMI SOLITUDE MATT (SK)	AK-SOLITUDE MATT (SK)	1.00	DUP	MATTRESS
AKEMI SOLITUDE MATT (SP)	AK-SOLITUDE MATT (SP)	1.00	DUP	MATTRESS
DUNLOPILLO AMIRA PREMUIM MATT (K)	DL-AMIRA PREMUIM (K)	1.00	DUP	MATTRESS
DUNLOPILLO AMIRA PREMUIM MATT (Q)	DL-AMIRA PREMUIM (Q)	1.00	DUP	MATTRESS
DUNLOPILLO AMIRA PREMUIM MATT (S)	DL-AMIRA PREMUIM (S)	1.00	DUP	MATTRESS
DUNLOPILLO AMIRA PREMUIM MATT (SS)	DL-AMIRA PREMUIM (SS)	1.00	DUP	MATTRESS
DUNLOPILLO AQUA RELAXER 300 MATT (K)	DL-AQUA RELAXER 300(K)	1.00	DUP	MATTRESS
DUNLOPILLO AQUA RELAXER 300 MATT (Q)	DL-AQUA RELAXER 300(Q)	1.00	DUP	MATTRESS
DUNLOPILLO AQUA RELAXER 300 MATT (S)	DL-AQUA RELAXER 300(S)	1.00	DUP	MATTRESS
DUNLOPILLO AQUA RELAXER 300 MATT (SK)	DL-AQUA RELAXER 300 (SK)	1.00	DUP	MATTRESS
DUNLOPILLO AQUA RELAXER 300 MATT (SS)	DL-AQUA RELAXER 300(SS)	1.00	DUP	MATTRESS
DUNLOPILLO AQUA SUPPORTER 1 MATT (K)	DL-AQUA SUPPORTER 1 (K)	1.00	DUP	MATTRESS
DUNLOPILLO AQUA SUPPORTER 1 MATT (Q)	DL-AQUA SUPPORTER 1 (Q)	1.00	DUP	MATTRESS
DUNLOPILLO AQUA SUPPORTER 1 MATT (S)	DL-AQUA SUPPORTER 1 (S)	1.00	DUP	MATTRESS
DUNLOPILLO AQUA SUPPORTER 1 MATT (SS)	DL-AQUA SUPPORTER 1 (SS)	1.00	DUP	MATTRESS
DUNLOPILLO BIOKINETIC SUPPORTER 100 MATT (K)	DL-BIOKINETIC SUPPORTER 100(K)	1.00	DUP	MATTRESS
DUNLOPILLO BIOKINETIC SUPPORTER 100 MATT (Q)	DL-BIOKINETIC SUPPORTER 100(Q)	1.00	DUP	MATTRESS
DUNLOPILLO CS2 ARCTIC DREAM MATT (K)	DL-CS2 ARCTIC DREAM (K)	1.00	DUP	MATTRESS
DUNLOPILLO CS2 ARCTIC DREAM MATT (Q)	DL-CS2 ARCTIC DREAM (Q)	1.00	DUP	MATTRESS
DUNLOPILLO CS2 ARCTIC DREAM MATT (S)	DL-CS2 ARCTIC DREAM (S)	1.00	DUP	MATTRESS
DUNLOPILLO CS2 ARCTIC DREAM MATT (SS)	DL-CS2 ARCTIC DREAM (SS)	1.00	DUP	MATTRESS
DUNLOPILLO CS2 COOL LUXE MATT (K)	DL-CS2 COOL LUXE (K)	1.00	DUP	MATTRESS
DUNLOPILLO CS2 COOL LUXE MATT (Q)	DL-CS2 COOL LUXE (Q)	1.00	DUP	MATTRESS
DUNLOPILLO CS2 COOL LUXE MATT (S)	DL-CS2 COOL LUXE (S)	1.00	DUP	MATTRESS
DUNLOPILLO CS2 COOL LUXE MATT (SS)	DL-CS2 COOL LUXE (SS)	1.00	DUP	MATTRESS
DUNLOPILLO CS2 ELEGANCE SUITE MATT (K)	DL-CS2 ELEGANCE SUITE (K)	1.00	DUP	MATTRESS
DUNLOPILLO CS2 ELEGANCE SUITE MATT (Q)	DL-CS2 ELEGANCE SUITE (Q)	1.00	DUP	MATTRESS
DUNLOPILLO CS2 ELEGANCE SUITE MATT (S)	DL-CS2 ELEGANCE SUITE (S)	1.00	DUP	MATTRESS
DUNLOPILLO CS2 ELEGANCE SUITE MATT (SK)	DL-CS2 ELEGANCE SUITE (SK)	1.00	DUP	MATTRESS
DUNLOPILLO CS2 ELEGANCE SUITE MATT (SP)	DL-CS2 ELEGANCE SUITE (SP)	1.00	DUP	MATTRESS
DUNLOPILLO CS2 ELEGANCE SUITE MATT (SS)	DL-CS2 ELEGANCE SUITE (SS)	1.00	DUP	MATTRESS
DUNLOPILLO CS2 HEAVENLY SLEEP MATT (K)	DL-CS2 HEAVENLY SLEEP (K)	1.00	DUP	MATTRESS
DUNLOPILLO CS2 HEAVENLY SLEEP MATT (Q)	DL-CS2 HEAVENLY SLEEP (Q)	1.00	DUP	MATTRESS
DUNLOPILLO CS2 HEAVENLY SLEEP MATT (S)	DL-CS2 HEAVENLY SLEEP (S)	1.00	DUP	MATTRESS
DUNLOPILLO CS2 HEAVENLY SLEEP MATT (SS)	DL-CS2 HEAVENLY SLEEP (SS)	1.00	DUP	MATTRESS
DUNLOPILLO CS2 HOLIDAY CHILL MATT (K)	DL-CS2 HOLIDAY CHILL (K)	1.00	DUP	MATTRESS
DUNLOPILLO CS2 HOLIDAY CHILL MATT (Q)	DL-CS2 HOLIDAY CHILL (Q)	1.00	DUP	MATTRESS
DUNLOPILLO CS2 HOLIDAY CHILL MATT (S)	DL-CS2 HOLIDAY CHILL (S)	1.00	DUP	MATTRESS
DUNLOPILLO CS2 HOLIDAY CHILL MATT (SS)	DL-CS2 HOLIDAY CHILL (SS)	1.00	DUP	MATTRESS
DUNLOPILLO CS2 NANO BREEZE MATT (K)	DL-CS2 NANO BREEZE (K)	1.00	DUP	MATTRESS
DUNLOPILLO CS2 NANO BREEZE MATT (Q)	DL-CS2 NANO BREEZE (Q)	1.00	DUP	MATTRESS
DUNLOPILLO CS2 NANO BREEZE MATT (S)	DL-CS2 NANO BREEZE (S)	1.00	DUP	MATTRESS
DUNLOPILLO CS2 NANO BREEZE MATT (SS)	DL-CS2 NANO BREEZE (SS)	1.00	DUP	MATTRESS
DUNLOPILLO CS2 NN-G T.CTNT MATT (K)	DL-CS2 NN-G T.CTNT (K)	1.00	DUP	MATTRESS
DUNLOPILLO CS2 NN-WINTER FLOW MATT (K)	DL-CS2 NN-WINTER FLOW MATT (K)	1.00	DUP	MATTRESS
DUNLOPILLO CS2 NN-WINTER FLOW MATT (Q)	DL-CS2 NN-WINTER FLOW MATT (Q)	1.00	DUP	MATTRESS
DUNLOPILLO CS2 NN-WINTER REST MATT (K)	DL-CS2 NN-WINTER REST MATT (K)	1.00	NEEDSBIND	MATTRESS
DUNLOPILLO CS2 NN-WINTER REST MATT (Q)	DL-CS2 NN-WINTER REST MATT (Q)	1.00	NEEDSBIND	MATTRESS
DUNLOPILLO CS2 PARADISE DREAMS MATT (K)	DL-CS2 PARADISE DREAMS (K)	1.00	DUP	MATTRESS
DUNLOPILLO CS2 PARADISE DREAMS MATT (Q)	DL-CS2 PARADISE DREAMS (Q)	1.00	DUP	MATTRESS
DUNLOPILLO CS2 PARADISE DREAMS MATT (S)	DL-CS2 PARADISE DREAMS (S)	1.00	DUP	MATTRESS
DUNLOPILLO CS2 PARADISE DREAMS MATT (SS)	DL-CS2 PARADISE DREAMS (SS)	1.00	DUP	MATTRESS
DUNLOPILLO CS2 PURE BREEZE MATT (K)	DL-CS2 PURE BREEZE (K)	1.00	DUP	MATTRESS
DUNLOPILLO CS2 PURE BREEZE MATT (Q)	DL-CS2 PURE BREEZE (Q)	1.00	DUP	MATTRESS
DUNLOPILLO CS2 PURE BREEZE MATT (S)	DL-CS2 PURE BREEZE (S)	1.00	DUP	MATTRESS
DUNLOPILLO CS2 PURE BREEZE MATT (SS)	DL-CS2 PURE BREEZE (SS)	1.00	DUP	MATTRESS
DUNLOPILLO CS2 RITZ LUXURY MATT (K)	DL-CS2 RITZ LUXURY (K)	1.00	DUP	MATTRESS
DUNLOPILLO CS2 RITZ LUXURY MATT (Q)	DL-CS2 RITZ LUXURY (Q)	1.00	DUP	MATTRESS
DUNLOPILLO CS2 RITZ LUXURY MATT (S)	DL-CS2 RITZ LUXURY (S)	1.00	DUP	MATTRESS
DUNLOPILLO CS2 RITZ LUXURY MATT (SS)	DL-CS2 RITZ LUXURY (SS)	1.00	DUP	MATTRESS
DUNLOPILLO CS2 VISCO BLISS MATT (K)	DL-CS2 VISCO BLISS (K)	1.00	DUP	MATTRESS
DUNLOPILLO CS2 VISCO BLISS MATT (Q)	DL-CS2 VISCO BLISS (Q)	1.00	DUP	MATTRESS
DUNLOPILLO CS2 VISCO BLISS MATT (S)	DL-CS2 VISCO BLISS (S)	1.00	DUP	MATTRESS
DUNLOPILLO CS2 VISCO BLISS MATT (SS)	DL-CS2 VISCO BLISS (SS)	1.00	DUP	MATTRESS
DUNLOPILLO CS2 VISCO COMFORT MATT (K)	DL-CS2 VISCO COMFORT (K)	1.00	DUP	MATTRESS
DUNLOPILLO CS2 VISCO COMFORT MATT (Q)	DL-CS2 VISCO COMFORT (Q)	1.00	DUP	MATTRESS
DUNLOPILLO CS2 VISCO COMFORT MATT (S)	DL-CS2 VISCO COMFORT (S)	1.00	DUP	MATTRESS
DUNLOPILLO CS2 VISCO COMFORT MATT (SS)	DL-CS2 VISCO COMFORT (SS)	1.00	DUP	MATTRESS
DUNLOPILLO CS2 VISCO DREAM MATT (K)	DL-CS2 VISCO DREAM (K)	1.00	DUP	MATTRESS
DUNLOPILLO CS2 VISCO DREAM MATT (Q)	DL-CS2 VISCO DREAM (Q)	1.00	DUP	MATTRESS
DUNLOPILLO CS2 VISCO DREAM MATT (S)	DL-CS2 VISCO DREAM (S)	1.00	DUP	MATTRESS
DUNLOPILLO CS2 VISCO DREAM MATT (SS)	DL-CS2 VISCO DREAM (SS)	1.00	DUP	MATTRESS
DUNLOPILLO CS2 VISCO NIGHT MATT (K)	DL-CS2 VISCO NIGHT (K)	1.00	DUP	MATTRESS
DUNLOPILLO CS2 VISCO NIGHT MATT (Q)	DL-CS2 VISCO NIGHT (Q)	1.00	DUP	MATTRESS
DUNLOPILLO CS2 VISCO NIGHT MATT (S)	DL-CS2 VISCO NIGHT (S)	1.00	DUP	MATTRESS
DUNLOPILLO CS2 VISCO NIGHT MATT (SS)	DL-CS2 VISCO NIGHT (SS)	1.00	DUP	MATTRESS
DUNLOPILLO D.ESCAPADE MATT (K)	DL-D.ESCAPADE(K)	1.00	DUP	MATTRESS
DUNLOPILLO D.ESCAPADE MATT (Q)	DL-D.ESCAPADE(Q)	1.00	DUP	MATTRESS
DUNLOPILLO D.ESCAPADE MATT (SS)	DL-D.ESCAPADE(SS)	1.00	DUP	MATTRESS
DUNLOPILLO D.RELAXATION MATT (K)	DL-D.RELAXATION (K)	1.00	DUP	MATTRESS
DUNLOPILLO D.RELAXATION MATT (Q)	DL-D.RELAXATION(Q)	1.00	DUP	MATTRESS
DUNLOPILLO D.ULTIMATE SANTUARY MATT (K)	DL-D.ULTIMATE SANTUARY (K)	1.00	DUP	MATTRESS
DUNLOPILLO D.ULTIMATE SANTUARY MATT (Q)	DL-D.ULTIMATE SANTUARY (Q)	1.00	DUP	MATTRESS
DUNLOPILLO DR SLEEP MATT (K)	DL-DR SLEEP(K)	1.00	DUP	MATTRESS
DUNLOPILLO DR SLEEP MATT (Q)	DL-DR SLEEP(Q)	1.00	DUP	MATTRESS
DUNLOPILLO DUN CLS PALACE COMFORT MATT (Q)	DL-DUN CLS PALACE COMFORT (Q)	1.00	DUP	MATTRESS
DUNLOPILLO FIRMMEST LUXE 2.0 MATT (K)	DL-FIRMMEST LUXE 2.0 (K)	1.00	DUP	MATTRESS
DUNLOPILLO FIRMMEST LUXE 2.0 MATT (Q)	DL-FIRMMEST LUXE 2.0 (Q)	1.00	DUP	MATTRESS
DUNLOPILLO GENERASI 3.0 20CM MATT (K)	DL-GENERASI 3.0 20CM (K)	1.00	DUP	MATTRESS
DUNLOPILLO GENERASI 3.0 20CM MATT (Q)	DL-GENERASI 3.0 20CM (Q)	1.00	DUP	MATTRESS
DUNLOPILLO GENERASI 3.0 20CM MATT (S)	DL-GENERASI 3.0 20CM (S)	1.00	DUP	MATTRESS
DUNLOPILLO GENERASI 3.0 20CM MATT (SS)	DL-GENERASI 3.0 20CM (SS)	1.00	DUP	MATTRESS
DUNLOPILLO GENERASI MATT (K)	DL-GENERASI (K)	1.00	DUP	MATTRESS
DUNLOPILLO GENERASI MATT (S)	DL-GENERASI (S)	1.00	DUP	MATTRESS
DUNLOPILLO GENERASI MATT (SS)	DL-GENERASI (SS)	1.00	DUP	MATTRESS
DUNLOPILLO GN + TCL FD MATT (S)	DL-GN + TCL FD MATT (S)	1.00	DUP	MATTRESS
DUNLOPILLO ORT RELAX BED LITE MATT (S)	DL-ORT RELAX BED LITE MATT(S)	1.00	DUP	MATTRESS
DUNLOPILLO ORT RELAX BED LITE MATT (SS)	DL-ORT RELAX BED LITE MATT(SS)	1.00	DUP	MATTRESS
DUNLOPILLO OTR AQUA DREAM MATT (K)	DL-OTR AQUA DREAM (K)	1.00	DUP	MATTRESS
DUNLOPILLO OTR AQUA DREAM MATT (Q)	DL-OTR AQUA DREAM (Q)	1.00	DUP	MATTRESS
DUNLOPILLO RELAX SLEEP LUXURY MATT (K)	DL-RELAX SLEEP LUXURY (K)	1.00	DUP	MATTRESS
DUNLOPILLO RELAX SLEEP LUXURY MATT (Q)	DL-RELAX SLEEP LUXURY (Q)	1.00	DUP	MATTRESS
DUNLOPILLO RELAX SLEEP LUXURY MATT (S)	DL-RELAX SLEEP LUXURY (S)	1.00	DUP	MATTRESS
DUNLOPILLO RELAX SLEEP LUXURY MATT (SS)	DL-RELAX SLEEP LUXURY (SS)	1.00	DUP	MATTRESS
DUNLOPILLO ROY IMP DUCHESS MATT (K)	DL-ROY IMP DUCHESS (K)	1.00	DUP	MATTRESS
DUNLOPILLO ROY IMP DUCHESS MATT (Q)	DL-ROY IMP DUCHESS (Q)	1.00	DUP	MATTRESS
DUNLOPILLO ROYAL EXECUTIVE LUXE 2.0 MATT (K)	DL-ROYAL EXECUTIVE LUXE 2.0(K)	1.00	DUP	MATTRESS
DUNLOPILLO ROYAL EXECUTIVE LUXE 2.0 MATT (Q)	DL-ROYAL EXECUTIVE LUXE 2.0(Q)	1.00	DUP	MATTRESS
DUNLOPILLO ROYAL EXECUTIVE LUXE2.0 MATT (SK)	DL-ROYAL EXECUTIVE LUXE2.0(SK)	1.00	DUP	MATTRESS
DUNLOPILLO SENSATION 2.0 MATT (K)	DL-SENSATION 2.0 (K)	1.00	DUP	MATTRESS
DUNLOPILLO SENSATION 2.0 MATT (Q)	DL-SENSATION 2.0(Q)	1.00	DUP	MATTRESS
DUNLOPILLO SENSATION 2.0 MATT (S)	DL-SENSATION 2.0 (S)	1.00	DUP	MATTRESS
DUNLOPILLO SENSATION 2.0 MATT (SK)	DL-SENSATION 2.0 (SK)	1.00	DUP	MATTRESS
DUNLOPILLO SENSATION 2.0 MATT (SS)	DL-SENSATION 2.0(SS)	1.00	DUP	MATTRESS
DUNLOPILLO SIGTWG PINNACLE MATT (K)	DL-SIGTWG PINNACLE (K)	1.00	DUP	MATTRESS
DUNLOPILLO SIGTWG PINNACLE MATT (Q)	DL-SIGTWG PINNACLE (Q)	1.00	DUP	MATTRESS
DUNLOPILLO SILVERPRO ORTHO RELAXER MATT (Q)	DL-SILVERPRO ORTHO RELAXER (Q)	1.00	DUP	MATTRESS
DUNLOPILLO TENCEL SENSACTION 2.0 MATT (K)	DL-TENCEL SENSACTION 2.0 (K)	1.00	DUP	MATTRESS
DUNLOPILLO TENCEL SENSACTION 2.0 MATT (Q)	DL-TENCEL SENSACTION 2.0 (Q)	1.00	DUP	MATTRESS
ERGOTEX CLOUDREST MATT (SP)	EG-CLOUDREST MATT (SP)	1.00	DUP	MATTRESS
ERGOTEX FLEXICARE-C MATT (SP)	EG-FLEXICARE-C MATT (SP)	1.00	DUP	MATTRESS
ERGOTEX FLEXICARE-S MATT (SP)	EG-FLEXICARE-S MATT (SP)	1.00	DUP	MATTRESS
ERGOTEX FLEXMOTION-C MATT (SP)	EG-FLEXMOTION-C MATT (SP)	1.00	DUP	MATTRESS
ERGOTEX FLEXMOTION-S MATT (SP)	EG-FLEXMOTION-S MATT (SP)	1.00	DUP	MATTRESS
ERGOTEX PUREZONE-C MATT (SP)	EG-PUREZONE-C MATT (SP)	1.00	DUP	MATTRESS
ERGOTEX PUREZONE-S MATT (SP)	EG-PUREZONE-S MATT (SP)	1.00	DUP	MATTRESS
ERGOTEX SPINECARE-C MATT (SP)	EG-SPINECARE-C MATT (SP)	1.00	DUP	MATTRESS
ERGOTEX SPINECARE-S MATT (SP)	EG-SPINECARE-S MATT (SP)	1.00	DUP	MATTRESS
MYLATEX AURORA MATT (K)	MYLATEX AURORA (K)	1.00	DUP	MATTRESS
MYLATEX AURORA MATT (Q)	MYLATEX AURORA (Q)	1.00	DUP	MATTRESS
MYLATEX AURORA MATT (S)	MYLATEX AURORA (S)	1.00	DUP	MATTRESS
MYLATEX AURORA MATT (SK)	MYLATEX AURORA (SK)	1.00	DUP	MATTRESS
MYLATEX AURORA MATT (SP)	MYLATEX AURORA (SP)	1.00	DUP	MATTRESS
MYLATEX AURORA MATT (SS)	MYLATEX AURORA (SS)	1.00	DUP	MATTRESS
MYLATEX BACKSHIRE MATT (K)	MYLATEX BACKSHIRE (K)	1.00	DUP	MATTRESS
MYLATEX BACKSHIRE MATT (Q)	MYLATEX BACKSHIRE (Q)	1.00	DUP	MATTRESS
MYLATEX BACKSHIRE MATT (S)	MYLATEX BACKSHIRE (S)	1.00	DUP	MATTRESS
MYLATEX BACKSHIRE MATT (SK)	MYLATEX BACKSHIRE (SK)	1.00	DUP	MATTRESS
MYLATEX BACKSHIRE MATT (SS)	MYLATEX BACKSHIRE (SS)	1.00	DUP	MATTRESS
MYLATEX BACKTON MATT (K)	MYLATEX BACKTON (K)	1.00	DUP	MATTRESS
MYLATEX BACKTON MATT (Q)	MYLATEX BACKTON (Q)	1.00	DUP	MATTRESS
MYLATEX BACKTON MATT (S)	MYLATEX BACKTON (S)	1.00	DUP	MATTRESS
MYLATEX BACKTON MATT (SK)	MYLATEX BACKTON (SK)	1.00	DUP	MATTRESS
MYLATEX BACKTON MATT (SS)	MYLATEX BACKTON (SS)	1.00	DUP	MATTRESS
MYLATEX CELESTIA MATT (K)	MYLATEX CELESTIA (K)	1.00	DUP	MATTRESS
MYLATEX CELESTIA MATT (Q)	MYLATEX CELESTIA (Q)	1.00	DUP	MATTRESS
MYLATEX CELESTIA MATT (S)	MYLATEX CELESTIA (S)	1.00	DUP	MATTRESS
MYLATEX CELESTIA MATT (SK)	MYLATEX CELESTIA (SK)	1.00	DUP	MATTRESS
MYLATEX CELESTIA MATT (SS)	MYLATEX CELESTIA (SS)	1.00	DUP	MATTRESS
MYLATEX CRESTLAKE MATT (K)	MYLATEX CRESTLAKE (K)	1.00	DUP	MATTRESS
MYLATEX CRESTLAKE MATT (Q)	MYLATEX CRESTLAKE (Q)	1.00	DUP	MATTRESS
MYLATEX CRESTLAKE MATT (S)	MYLATEX CRESTLAKE (S)	1.00	DUP	MATTRESS
MYLATEX CRESTLAKE MATT (SK)	MYLATEX CRESTLAKE (SK)	1.00	DUP	MATTRESS
MYLATEX CRESTLAKE MATT (SS)	MYLATEX CRESTLAKE (SS)	1.00	DUP	MATTRESS
MYLATEX LUMBARIA MATT (K)	MYLATEX LUMBARIA (K)	1.00	DUP	MATTRESS
MYLATEX LUMBARIA MATT (Q)	MYLATEX LUMBARIA (Q)	1.00	DUP	MATTRESS
MYLATEX LUMBARIA MATT (S)	MYLATEX LUMBARIA (S)	1.00	DUP	MATTRESS
MYLATEX LUMBARIA MATT (SK)	MYLATEX LUMBARIA (SK)	1.00	DUP	MATTRESS
MYLATEX LUMBARIA MATT (SS)	MYLATEX LUMBARIA (SS)	1.00	DUP	MATTRESS
MYLATEX VELVETON MATT (K)	MYLATEX VELVETON (K)	1.00	DUP	MATTRESS
MYLATEX VELVETON MATT (Q)	MYLATEX VELVETON (Q)	1.00	DUP	MATTRESS
MYLATEX VELVETON MATT (S)	MYLATEX VELVETON (S)	1.00	DUP	MATTRESS
MYLATEX VELVETON MATT (SK)	MYLATEX VELVETON (SK)	1.00	DUP	MATTRESS
MYLATEX VELVETON MATT (SS)	MYLATEX VELVETON (SS)	1.00	DUP	MATTRESS
DISPOSE BEDFRAME	DISPOSE	1.00	NEEDSBIND	SERVICE
DISPOSE MATTRESS	DISPOSE	1.00	NEEDSBIND	SERVICE
DISPOSE SOFA	DISPOSE	1.00	NEEDSBIND	SERVICE
TRANSPORTATION CHARGES	TRANSPORTATION CHARGES	1.00	NEEDSBIND	SERVICE
COFFEE TABLE	COFFEE TABLE	1.00	NEEDSBIND	DINING
TV CABINET	TV CABINET	1.00	NEEDSBIND	DINING
