3002-1S	TD-3002 SOFA
5035-1S	TD-5035 SOFA
5080-1S	TD-5080 SOFA
5107-1S	TD-5107 SOFA
5119-1S	TD-5119 SOFA
5531-1S	HOK-5531 SOFA
5535-1S	HOK-5535 SOFA
5543 HEADREST	HOK-5543 HEADREST
5543 LONG PILLOW	HOK-5543 LONG PILLOW
5543-1S	HOK-5543 SOFA
8021-1S	DSL-8021 SOFA
8030-1S	HOK-5537 SOFA
8058-1S	DSL-8058 SOFA
9015-1S	AMN-SF9015 SOFA
9021-1S	AMN-SF9021 SOFA
9028-1S	DSL-9028 SOFA
9028-1S	HOK-5530 SOFA
9030-1S	AMN-SF9030 SOFA
9033-1S	AMN-SF9033 SOFA
9058-1S	DSL-9058 SOFA
9058-1S	HOK-5536 SOFA
LONG PILLOW	DSL-LONG PILLOW
LONG PILLOW	HOK-LONG PILLOW
