MERCHANT NO:,00009999901,,,TRADING NAME:,DEMO COMPANY                                           
SUMMARY
TRANSACTION TYPE,,,,,TRXN AMOUNT,MDR/INCENTIVE,LATE FEE,,AMOUNT PAYABLE
SALES & MANUAL POSTINGS,,,,,3594.00,-33.55,0.00,,3560.45
BALANCE FROM PREVIOUS DAY,,,,,0.00,,,,0.00
,,,,,3594.00,-33.55,0.00,,3560.45
,,,,,,,,TOTAL AMOUNT PAYABLE,3560.45
SALES & MANUAL POSTINGS / CASH OUT
TRANSACTION TYPE,,,,ITEMS,TRXN AMOUNT,MDR,LATE FEE,,TRXN NET
SALES,HLB CARD,VISA CARD,,2,2394.00,21.546000,0.000000,,2372.454000
SALES,NON-HLB CARDS,VISA CARD,,1,1200.00,12.000000,0.000000,,1188.000000
,,,Total,3,3594.00,33.546000,0.000000,,3560.454000
,,,,,,,Total Sales/Manual Posting,,3594.00
,,,,,,,Total MDR Charged,,-33.55
,,,,,,,,,
TERMINAL ID:,00099999976
DATE,BATCH,INVOICE/AUTHO,CARD NUMBER,TENURE/CASHOUT*,TRXN AMOUNT,MDR,LATE FEE,MDR(%),INTERCHANGE FEE,TRXN NET
16-Aug,64265,663554,4902-82xx-xxxx-0000,  ,1800.00,16.200000,0.000000,0.90,="0.6%",1783.800000
,,,Batch Total,1,1800.00,16.200000,0.000000,,,1783.800000
16-Aug,64360,674234,4902-82xx-xxxx-0000,  ,594.00,5.346000,0.000000,0.90,="0.6%",588.654000
,,,Batch Total,1,594.00,5.346000,0.000000,,,588.654000
,,,Sub-Total,2,2394.00,21.546000,0.000000,,,2372.454000
TERMINAL ID:,00099999981
DATE,BATCH,INVOICE/AUTHO,CARD NUMBER,TENURE/CASHOUT*,TRXN AMOUNT,MDR,LATE FEE,MDR(%),INTERCHANGE FEE,TRXN NET
16-Aug,67104,014723,4617-72xx-xxxx-0000,  ,1200.00,12.000000,0.000000,1.00,="0.6%",1188.000000
,,,Batch Total,1,1200.00,12.000000,0.000000,,,1188.000000
,,,Sub-Total,1,1200.00,12.000000,0.000000,,,1188.000000
MERCHANT NO:,00009999919,,,TRADING NAME:,DEMO COMPANY                                           
SUMMARY
TRANSACTION TYPE,,,,,TRXN AMOUNT,MDR/INCENTIVE,LATE FEE,,AMOUNT PAYABLE
SALES & MANUAL POSTINGS,,,,,3500.00,-14.00,0.00,,3486.00
BALANCE FROM PREVIOUS DAY,,,,,0.00,,,,0.00
,,,,,3500.00,-14.00,0.00,,3486.00
,,,,,,,,TOTAL AMOUNT PAYABLE,3486.00
SALES & MANUAL POSTINGS / CASH OUT
TRANSACTION TYPE,,,,ITEMS,TRXN AMOUNT,MDR,LATE FEE,,TRXN NET
SALES,NON-HLB CARDS,MyDebit,,1,3500.00,14.000000,0.000000,,3486.000000
,,,Total,1,3500.00,14.000000,0.000000,,3486.000000
,,,,,,,Total Sales/Manual Posting,,3500.00
,,,,,,,Total MDR Charged,,-14.00
,,,,,,,,,
TERMINAL ID:,00099999982
DATE,BATCH,INVOICE/AUTHO,CARD NUMBER,TENURE/CASHOUT*,TRXN AMOUNT,MDR,LATE FEE,MDR(%),INTERCHANGE FEE,TRXN NET
16-Aug,57578,448433,5509-89xx-xxxx-0000,  ,3500.00,14.000000,0.000000,0.40,="RM0.37+0.001%",3486.000000
,,,Batch Total,1,3500.00,14.000000,0.000000,,,3486.000000
,,,Sub-Total,1,3500.00,14.000000,0.000000,,,3486.000000

*Cash Out Description Code:  CP - Cash Out Purchase Amount  CO - Cash Out Withdrawal Amount
                                                            WC - WeChat China QR                    DN - DuitNow QR
                                                            WL - WeChat Local QR
