MERCHANT NO:,00000000000,,,TRADING NAME:,DEMO
SUMMARY
TRANSACTION TYPE,,,,,TRXN AMOUNT,MDR/INCENTIVE,LATE FEE,,AMOUNT PAYABLE
SALES & MANUAL POSTINGS,,,,,5300.00,-79.50,0.00,,5220.50
,,,,,,,,TOTAL AMOUNT PAYABLE,5220.50
SALES & MANUAL POSTINGS / CASH OUT
TRANSACTION TYPE,,,,ITEMS,TRXN AMOUNT,MDR,LATE FEE,,TRXN NET
SALES,HLB CARD,VISA CARD,,4,5300.00,79.500000,0.000000,,5220.500000
,,,,,,,,,
TERMINAL ID:,00071213960
DATE,BATCH,INVOICE/AUTHO,CARD NUMBER,TENURE/CASHOUT*,TRXN AMOUNT,MDR,LATE FEE,MDR(%),INTERCHANGE FEE,TRXN NET
01-Aug,68035,A1001,4293-20xx-xxxx-4789,,1000.00,15.000000,0.000000,1.50,="0.6%",985.000000
01-Aug,68035,A1002,4293-20xx-xxxx-1122,,2500.00,37.500000,0.000000,1.50,="0.6%",2462.500000
02-Aug,68036,A1003,5412-30xx-xxxx-9001,,600.00,9.000000,0.000000,1.50,="0.6%",591.000000
03-Aug,68037,A1004,5412-30xx-xxxx-7788,12,1200.00,18.000000,0.000000,1.50,="0.6%",1182.000000
,,,Batch Total,4,5300.00,79.500000,0.000000,,,5220.500000

*Cash Out Description Code:  CP - Cash Out Purchase Amount  CO - Cash Out Withdrawal Amount
